mL,mAU
0.004,-0.050944444
0.011,-0.049944444
0.018,-0.047944444
0.025,-0.047944444
0.032,-0.051944444
0.039,-0.056944444
0.046,-0.057944444
0.053,-0.054944444
0.06,-0.051944444
0.067,-0.050944444
0.074,-0.049944444
0.081,-0.049944444
0.088,-0.049944444
0.095,-0.050944444
0.102,-0.051944444
0.109,-0.051944444
0.116,-0.053944444
0.123,-0.051944444
0.13,-0.050944444
0.137,-0.053944444
0.144,-0.052944444
0.151,-0.052944444
0.158,-0.054944444
0.165,-0.052944444
0.172,-0.052944444
0.179,-0.052944444
0.186,-0.053944444
0.193,-0.052944444
0.2,-0.051944444
0.207,-0.052944444
0.214,-0.049944444
0.221,-0.048944444
0.228,-0.047944444
0.235,-0.048944444
0.242,-0.047944444
0.249,-0.050944444
0.256,-0.057944444
0.263,-0.056944444
0.27,-0.055944444
0.277,-0.055944444
0.284,-0.050944444
0.291,-0.048944444
0.298,-0.048944444
0.305,-0.048944444
0.312,-0.049944444
0.319,-0.049944444
0.327,-0.050944444
0.334,-0.051944444
0.341,-0.052944444
0.348,-0.051944444
0.355,-0.050944444
0.362,-0.050944444
0.369,-0.049944444
0.376,-0.047944444
0.383,-0.046944444
0.39,-0.047944444
0.397,-0.049944444
0.404,-0.050944444
0.411,-0.050944444
0.418,-0.049944444
0.425,-0.051944444
0.432,-0.051944444
0.439,-0.052944444
0.446,-0.052944444
0.453,-0.050944444
0.46,-0.049944444
0.467,-0.050944444
0.474,-0.049944444
0.481,-0.047944444
0.488,-0.046944444
0.495,-0.048944444
0.502,-0.050944444
0.509,-0.051944444
0.516,-0.048944444
0.523,-0.051944444
0.53,-0.055944444
0.537,-0.058944444
0.544,-0.059944444
0.551,-0.060944444
0.558,-0.058944444
0.565,-0.052944444
0.572,-0.050944444
0.579,-0.048944444
0.586,-0.046944444
0.593,-0.046944444
0.6,-0.047944444
0.607,-0.048944444
0.614,-0.048944444
0.621,-0.047944444
0.628,-0.046944444
0.635,-0.049944444
0.642,-0.050944444
0.649,-0.050944444
0.656,-0.048944444
0.663,-0.046944444
0.67,-0.047944444
0.677,-0.050944444
0.684,-0.051944444
0.691,-0.051944444
0.698,-0.049944444
0.705,-0.050944444
0.712,-0.051944444
0.719,-0.051944444
0.726,-0.050944444
0.734,-0.050944444
0.741,-0.051944444
0.748,-0.054944444
0.755,-0.056944444
0.762,-0.055944444
0.769,-0.053944444
0.776,-0.051944444
0.783,-0.053944444
0.79,-0.054944444
0.797,-0.054944444
0.804,-0.049944444
0.811,-0.047944444
0.818,-0.046944444
0.825,-0.048944444
0.832,-0.052944444
0.839,-0.056944444
0.846,-0.056944444
0.853,-0.054944444
0.86,-0.051944444
0.867,-0.048944444
0.874,-0.051944444
0.881,-0.052944444
0.888,-0.051944444
0.895,-0.051944444
0.902,-0.048944444
0.909,-0.046944444
0.916,-0.044944444
0.923,-0.046944444
0.93,-0.048944444
0.937,-0.049944444
0.944,-0.053944444
0.951,-0.055944444
0.958,-0.054944444
0.965,-0.053944444
0.972,-0.051944444
0.979,-0.050944444
0.986,-0.051944444
0.993,-0.050944444
1,-0.050944444
1.007,-0.052944444
1.014,-0.053944444
1.021,-0.052944444
1.028,-0.050944444
1.035,-0.049944444
1.042,-0.050944444
1.049,-0.052944444
1.056,-0.054944444
1.063,-0.055944444
1.07,-0.053944444
1.077,-0.050944444
1.084,-0.050944444
1.091,-0.051944444
1.098,-0.053944444
1.105,-0.053944444
1.112,-0.052944444
1.119,-0.051944444
1.126,-0.050944444
1.133,-0.051944444
1.141,-0.052944444
1.148,-0.053944444
1.155,-0.051944444
1.162,-0.049944444
1.169,-0.047944444
1.176,-0.045944444
1.183,-0.046944444
1.19,-0.047944444
1.197,-0.049944444
1.204,-0.047944444
1.211,-0.047944444
1.218,-0.049944444
1.225,-0.051944444
1.232,-0.052944444
1.239,-0.053944444
1.246,-0.053944444
1.253,-0.051944444
1.26,-0.050944444
1.267,-0.049944444
1.274,-0.049944444
1.281,-0.050944444
1.288,-0.051944444
1.295,-0.050944444
1.302,-0.049944444
1.309,-0.048944444
1.316,-0.050944444
1.323,-0.049944444
1.33,-0.049944444
1.337,-0.051944444
1.344,-0.052944444
1.351,-0.051944444
1.358,-0.050944444
1.365,-0.053944444
1.372,-0.055944444
1.379,-0.056944444
1.386,-0.058944444
1.393,-0.056944444
1.4,-0.055944444
1.407,-0.054944444
1.414,-0.055944444
1.421,-0.056944444
1.428,-0.056944444
1.435,-0.054944444
1.442,-0.052944444
1.449,-0.050944444
1.456,-0.051944444
1.463,-0.048944444
1.47,-0.048944444
1.477,-0.049944444
1.484,-0.050944444
1.491,-0.050944444
1.498,-0.051944444
1.505,-0.049944444
1.512,-0.051944444
1.519,-0.052944444
1.526,-0.051944444
1.533,-0.052944444
1.54,-0.051944444
1.547,-0.048944444
1.555,-0.050944444
1.562,-0.050944444
1.569,-0.049944444
1.576,-0.048944444
1.583,-0.046944444
1.59,-0.046944444
1.597,-0.047944444
1.604,-0.048944444
1.611,-0.051944444
1.618,-0.053944444
1.625,-0.052944444
1.632,-0.051944444
1.639,-0.049944444
1.646,-0.049944444
1.653,-0.050944444
1.66,-0.052944444
1.667,-0.054944444
1.674,-0.053944444
1.681,-0.054944444
1.688,-0.055944444
1.695,-0.054944444
1.702,-0.054944444
1.709,-0.054944444
1.716,-0.056944444
1.723,-0.056944444
1.73,-0.056944444
1.737,-0.056944444
1.744,-0.056944444
1.751,-0.054944444
1.758,-0.052944444
1.765,-0.050944444
1.772,-0.049944444
1.779,-0.049944444
1.786,-0.051944444
1.793,-0.055944444
1.8,-0.057944444
1.807,-0.056944444
1.814,-0.057944444
1.821,-0.057944444
1.828,-0.055944444
1.835,-0.056944444
1.842,-0.054944444
1.849,-0.052944444
1.856,-0.049944444
1.863,-0.049944444
1.87,-0.049944444
1.877,-0.049944444
1.884,-0.052944444
1.891,-0.052944444
1.898,-0.051944444
1.905,-0.054944444
1.912,-0.056944444
1.919,-0.056944444
1.926,-0.055944444
1.933,-0.054944444
1.94,-0.054944444
1.947,-0.056944444
1.954,-0.057944444
1.962,-0.058944444
1.969,-0.060944444
1.976,-0.058944444
1.983,-0.056944444
1.99,-0.053944444
1.997,-0.050944444
2.004,-0.051944444
2.011,-0.052944444
2.018,-0.054944444
2.025,-0.056944444
2.032,-0.056944444
2.039,-0.055944444
2.046,-0.057944444
2.053,-0.056944444
2.06,-0.054944444
2.067,-0.052944444
2.074,-0.051944444
2.081,-0.050944444
2.088,-0.050944444
2.095,-0.054944444
2.102,-0.057944444
2.109,-0.060944444
2.116,-0.059944444
2.123,-0.054944444
2.13,-0.051944444
2.137,-0.050944444
2.144,-0.051944444
2.151,-0.053944444
2.158,-0.055944444
2.165,-0.057944444
2.172,-0.056944444
2.179,-0.055944444
2.186,-0.053944444
2.193,-0.052944444
2.2,-0.050944444
2.207,-0.048944444
2.214,-0.048944444
2.221,-0.049944444
2.228,-0.050944444
2.235,-0.051944444
2.242,-0.053944444
2.249,-0.054944444
2.256,-0.052944444
2.263,-0.055944444
2.27,-0.056944444
2.277,-0.057944444
2.284,-0.056944444
2.291,-0.054944444
2.298,-0.052944444
2.305,-0.052944444
2.312,-0.051944444
2.319,-0.051944444
2.326,-0.054944444
2.333,-0.054944444
2.34,-0.054944444
2.347,-0.054944444
2.354,-0.055944444
2.361,-0.055944444
2.369,-0.055944444
2.376,-0.051944444
2.383,-0.049944444
2.39,-0.048944444
2.397,-0.049944444
2.404,-0.050944444
2.411,-0.049944444
2.418,-0.048944444
2.425,-0.048944444
2.432,-0.048944444
2.439,-0.049944444
2.446,-0.050944444
2.453,-0.050944444
2.46,-0.050944444
2.467,-0.049944444
2.474,-0.047944444
2.481,-0.047944444
2.488,-0.049944444
2.495,-0.051944444
2.502,-0.051944444
2.509,-0.051944444
2.516,-0.052944444
2.523,-0.053944444
2.53,-0.053944444
2.537,-0.052944444
2.544,-0.052944444
2.551,-0.052944444
2.558,-0.051944444
2.565,-0.052944444
2.572,-0.053944444
2.579,-0.053944444
2.586,-0.051944444
2.593,-0.047944444
2.6,-0.045944444
2.607,-0.046944444
2.614,-0.045944444
2.621,-0.047944444
2.628,-0.049944444
2.635,-0.050944444
2.642,-0.051944444
2.649,-0.050944444
2.656,-0.047944444
2.663,-0.046944444
2.67,-0.044944444
2.677,-0.041944444
2.684,-0.044944444
2.691,-0.046944444
2.698,-0.048944444
2.705,-0.045944444
2.712,-0.046944444
2.719,-0.048944444
2.726,-0.050944444
2.733,-0.047944444
2.74,-0.046944444
2.747,-0.047944444
2.754,-0.047944444
2.761,-0.048944444
2.768,-0.049944444
2.775,-0.051944444
2.783,-0.050944444
2.79,-0.050944444
2.797,-0.052944444
2.804,-0.051944444
2.811,-0.048944444
2.818,-0.043944444
2.825,-0.042944444
2.832,-0.041944444
2.839,-0.041944444
2.846,-0.044944444
2.853,-0.045944444
2.86,-0.043944444
2.867,-0.038944444
2.874,-0.040944444
2.881,-0.041944444
2.888,-0.043944444
2.895,-0.047944444
2.902,-0.048944444
2.909,-0.047944444
2.916,-0.045944444
2.923,-0.046944444
2.93,-0.047944444
2.937,-0.048944444
2.944,-0.052944444
2.951,-0.054944444
2.958,-0.055944444
2.965,-0.056944444
2.972,-0.054944444
2.979,-0.052944444
2.986,-0.053944444
2.993,-0.051944444
3,-0.049944444
3.007,-0.048944444
3.014,-0.049944444
3.021,-0.050944444
3.028,-0.051944444
3.035,-0.050944444
3.042,-0.049944444
3.049,-0.050944444
3.056,-0.053944444
3.063,-0.055944444
3.07,-0.057944444
3.077,-0.058944444
3.084,-0.056944444
3.091,-0.055944444
3.098,-0.055944444
3.105,-0.057944444
3.112,-0.054944444
3.119,-0.051944444
3.126,-0.049944444
3.133,-0.048944444
3.14,-0.050944444
3.147,-0.056944444
3.154,-0.057944444
3.161,-0.057944444
3.168,-0.056944444
3.175,-0.055944444
3.182,-0.056944444
3.19,-0.057944444
3.197,-0.056944444
3.204,-0.059944444
3.211,-0.060944444
3.218,-0.059944444
3.225,-0.052944444
3.232,-0.050944444
3.239,-0.049944444
3.246,-0.047944444
3.253,-0.047944444
3.26,-0.047944444
3.267,-0.048944444
3.274,-0.049944444
3.281,-0.048944444
3.288,-0.046944444
3.295,-0.045944444
3.302,-0.044944444
3.309,-0.042944444
3.316,-0.042944444
3.323,-0.043944444
3.33,-0.046944444
3.337,-0.052944444
3.344,-0.052944444
3.351,-0.052944444
3.358,-0.051944444
3.365,-0.045944444
3.372,-0.041944444
3.379,-0.039944444
3.386,-0.037944444
3.393,-0.038944444
3.4,-0.040944444
3.407,-0.041944444
3.414,-0.044944444
3.421,-0.045944444
3.428,-0.046944444
3.435,-0.045944444
3.442,-0.044944444
3.449,-0.044944444
3.456,-0.044944444
3.463,-0.043944444
3.47,-0.042944444
3.477,-0.039944444
3.484,-0.038944444
3.491,-0.039944444
3.498,-0.040944444
3.505,-0.041944444
3.512,-0.039944444
3.519,-0.039944444
3.526,-0.042944444
3.533,-0.045944444
3.54,-0.046944444
3.547,-0.046944444
3.554,-0.045944444
3.561,-0.047944444
3.568,-0.049944444
3.575,-0.048944444
3.582,-0.045944444
3.589,-0.042944444
3.597,-0.040944444
3.604,-0.041944444
3.611,-0.042944444
3.618,-0.042944444
3.625,-0.042944444
3.632,-0.042944444
3.639,-0.041944444
3.646,-0.042944444
3.653,-0.041944444
3.66,-0.041944444
3.667,-0.043944444
3.674,-0.045944444
3.681,-0.045944444
3.688,-0.043944444
3.695,-0.043944444
3.702,-0.043944444
3.709,-0.043944444
3.716,-0.045944444
3.723,-0.046944444
3.73,-0.047944444
3.737,-0.048944444
3.744,-0.046944444
3.751,-0.045944444
3.758,-0.045944444
3.765,-0.047944444
3.772,-0.046944444
3.779,-0.045944444
3.786,-0.043944444
3.793,-0.044944444
3.8,-0.045944444
3.807,-0.046944444
3.814,-0.047944444
3.821,-0.047944444
3.828,-0.046944444
3.835,-0.044944444
3.842,-0.045944444
3.849,-0.045944444
3.856,-0.043944444
3.863,-0.043944444
3.87,-0.044944444
3.877,-0.046944444
3.884,-0.047944444
3.891,-0.048944444
3.898,-0.050944444
3.905,-0.054944444
3.912,-0.053944444
3.919,-0.051944444
3.926,-0.047944444
3.933,-0.046944444
3.94,-0.046944444
3.947,-0.047944444
3.954,-0.048944444
3.961,-0.047944444
3.968,-0.046944444
3.975,-0.046944444
3.982,-0.045944444
3.989,-0.043944444
3.996,-0.042944444
4.004,-0.043944444
4.011,-0.043944444
4.018,-0.043944444
4.025,-0.041944444
4.032,-0.041944444
4.039,-0.041944444
4.046,-0.040944444
4.053,-0.036944444
4.06,-0.033944444
4.067,-0.032944444
4.074,-0.035944444
4.081,-0.036944444
4.088,-0.035944444
4.095,-0.034944444
4.102,-0.034944444
4.109,-0.034944444
4.116,-0.037944444
4.123,-0.039944444
4.13,-0.040944444
4.137,-0.042944444
4.144,-0.041944444
4.151,-0.040944444
4.158,-0.040944444
4.165,-0.039944444
4.172,-0.038944444
4.179,-0.038944444
4.186,-0.038944444
4.193,-0.037944444
4.2,-0.035944444
4.207,-0.033944444
4.214,-0.033944444
4.221,-0.032944444
4.228,-0.031944444
4.235,-0.034944444
4.242,-0.036944444
4.249,-0.036944444
4.256,-0.038944444
4.263,-0.039944444
4.27,-0.040944444
4.277,-0.041944444
4.284,-0.040944444
4.291,-0.040944444
4.298,-0.041944444
4.305,-0.042944444
4.312,-0.041944444
4.319,-0.038944444
4.326,-0.033944444
4.333,-0.032944444
4.34,-0.033944444
4.347,-0.034944444
4.354,-0.034944444
4.361,-0.034944444
4.368,-0.035944444
4.375,-0.034944444
4.382,-0.037944444
4.389,-0.039944444
4.396,-0.038944444
4.403,-0.037944444
4.41,-0.034944444
4.418,-0.030944444
4.425,-0.029944444
4.432,-0.029944444
4.439,-0.030944444
4.446,-0.032944444
4.453,-0.033944444
4.46,-0.032944444
4.467,-0.031944444
4.474,-0.032944444
4.481,-0.033944444
4.488,-0.032944444
4.495,-0.032944444
4.502,-0.031944444
4.509,-0.031944444
4.516,-0.033944444
4.523,-0.033944444
4.53,-0.031944444
4.537,-0.026944444
4.544,-0.025944444
4.551,-0.025944444
4.558,-0.024944444
4.565,-0.026944444
4.572,-0.027944444
4.579,-0.026944444
4.586,-0.023944444
4.593,-0.023944444
4.6,-0.023944444
4.607,-0.024944444
4.614,-0.028944444
4.621,-0.029944444
4.628,-0.030944444
4.635,-0.033944444
4.642,-0.033944444
4.649,-0.030944444
4.656,-0.024944444
4.663,-0.022944444
4.67,-0.022944444
4.677,-0.022944444
4.684,-0.024944444
4.691,-0.025944444
4.698,-0.024944444
4.705,-0.026944444
4.712,-0.027944444
4.719,-0.028944444
4.726,-0.027944444
4.733,-0.028944444
4.74,-0.028944444
4.747,-0.026944444
4.754,-0.027944444
4.761,-0.028944444
4.768,-0.029944444
4.775,-0.031944444
4.782,-0.031944444
4.789,-0.030944444
4.796,-0.027944444
4.803,-0.028944444
4.81,-0.029944444
4.817,-0.028944444
4.825,-0.030944444
4.832,-0.030944444
4.839,-0.029944444
4.846,-0.027944444
4.853,-0.028944444
4.86,-0.028944444
4.867,-0.027944444
4.874,-0.028944444
4.881,-0.027944444
4.888,-0.024944444
4.895,-0.023944444
4.902,-0.024944444
4.909,-0.026944444
4.916,-0.029944444
4.923,-0.028944444
4.93,-0.027944444
4.937,-0.026944444
4.944,-0.025944444
4.951,-0.026944444
4.958,-0.028944444
4.965,-0.031944444
4.972,-0.032944444
4.979,-0.030944444
4.986,-0.027944444
4.993,-0.029944444
5,-0.030944444
5.007,-0.031944444
5.014,-0.030944444
5.021,-0.029944444
5.028,-0.028944444
5.035,-0.029944444
5.042,-0.031944444
5.049,-0.033944444
5.056,-0.032944444
5.063,-0.030944444
5.07,-0.028944444
5.077,-0.025944444
5.084,-0.026944444
5.091,-0.026944444
5.098,-0.025944444
5.105,-0.024944444
5.112,-0.026944444
5.119,-0.027944444
5.126,-0.026944444
5.133,-0.027944444
5.14,-0.027944444
5.147,-0.024944444
5.154,-0.027944444
5.161,-0.029944444
5.168,-0.031944444
5.175,-0.028944444
5.182,-0.028944444
5.189,-0.028944444
5.196,-0.029944444
5.203,-0.028944444
5.21,-0.026944444
5.217,-0.025944444
5.224,-0.026944444
5.232,-0.025944444
5.239,-0.024944444
5.246,-0.023944444
5.253,-0.024944444
5.26,-0.025944444
5.267,-0.027944444
5.274,-0.029944444
5.281,-0.031944444
5.288,-0.035944444
5.295,-0.046944444
5.302,-0.050944444
5.309,-0.052944444
5.316,-0.054944444
5.323,-0.056944444
5.33,-0.059944444
5.337,-0.062944444
5.344,-0.059944444
5.351,-0.057944444
5.358,-0.056944444
5.365,-0.053944444
5.372,-0.053944444
5.379,-0.054944444
5.386,-0.051944444
5.393,-0.051944444
5.4,-0.054944444
5.407,-0.057944444
5.414,-0.057944444
5.421,-0.056944444
5.428,-0.055944444
5.435,-0.055944444
5.442,-0.053944444
5.449,-0.051944444
5.456,-0.049944444
5.463,-0.051944444
5.47,-0.052944444
5.477,-0.053944444
5.484,-0.056944444
5.491,-0.057944444
5.498,-0.056944444
5.505,-0.054944444
5.512,-0.050944444
5.519,-0.047944444
5.526,-0.048944444
5.533,-0.047944444
5.54,-0.048944444
5.547,-0.049944444
5.554,-0.051944444
5.561,-0.053944444
5.568,-0.055944444
5.575,-0.053944444
5.582,-0.050944444
5.589,-0.047944444
5.596,-0.047944444
5.603,-0.046944444
5.61,-0.046944444
5.617,-0.045944444
5.624,-0.038944444
5.631,-0.035944444
5.638,-0.034944444
5.646,-0.031944444
5.653,-0.029944444
5.66,-0.027944444
5.667,-0.024944444
5.674,-0.023944444
5.681,-0.023944444
5.688,-0.023944444
5.695,-0.025944444
5.702,-0.026944444
5.709,-0.027944444
5.716,-0.025944444
5.723,-0.024944444
5.73,-0.023944444
5.737,-0.023944444
5.744,-0.022944444
5.751,-0.022944444
5.758,-0.023944444
5.765,-0.021944444
5.772,-0.020944444
5.779,-0.021944444
5.786,-0.019944444
5.793,-0.018944444
5.8,-0.018944444
5.807,-0.017944444
5.814,-0.021944444
5.821,-0.023944444
5.828,-0.024944444
5.835,-0.024944444
5.842,-0.022944444
5.849,-0.020944444
5.856,-0.018944444
5.863,-0.022944444
5.87,-0.025944444
5.877,-0.027944444
5.884,-0.033944444
5.891,-0.032944444
5.898,-0.029944444
5.905,-0.030944444
5.912,-0.028944444
5.919,-0.028944444
5.926,-0.030944444
5.933,-0.031944444
5.94,-0.033944444
5.947,-0.035944444
5.954,-0.031944444
5.961,-0.030944444
5.968,-0.029944444
5.975,-0.027944444
5.982,-0.027944444
5.989,-0.028944444
5.996,-0.031944444
6.003,-0.032944444
6.01,-0.032944444
6.017,-0.032944444
6.024,-0.033944444
6.031,-0.030944444
6.038,-0.027944444
6.045,-0.025944444
6.053,-0.026944444
6.06,-0.028944444
6.067,-0.032944444
6.074,-0.033944444
6.081,-0.035944444
6.088,-0.037944444
6.095,-0.036944444
6.102,-0.035944444
6.109,-0.034944444
6.116,-0.036944444
6.123,-0.035944444
6.13,-0.036944444
6.137,-0.038944444
6.144,-0.038944444
6.151,-0.038944444
6.158,-0.039944444
6.165,-0.040944444
6.172,-0.039944444
6.179,-0.037944444
6.186,-0.038944444
6.193,-0.040944444
6.2,-0.042944444
6.207,-0.043944444
6.214,-0.041944444
6.221,-0.038944444
6.228,-0.035944444
6.235,-0.037944444
6.242,-0.039944444
6.249,-0.040944444
6.256,-0.041944444
6.263,-0.041944444
6.27,-0.042944444
6.277,-0.043944444
6.284,-0.042944444
6.291,-0.041944444
6.298,-0.041944444
6.305,-0.043944444
6.312,-0.040944444
6.319,-0.038944444
6.326,-0.040944444
6.333,-0.039944444
6.34,-0.039944444
6.347,-0.040944444
6.354,-0.038944444
6.361,-0.039944444
6.368,-0.041944444
6.375,-0.041944444
6.382,-0.040944444
6.389,-0.039944444
6.396,-0.038944444
6.403,-0.040944444
6.41,-0.041944444
6.417,-0.041944444
6.424,-0.039944444
6.431,-0.039944444
6.438,-0.039944444
6.445,-0.041944444
6.452,-0.038944444
6.46,-0.035944444
6.467,-0.034944444
6.474,-0.032944444
6.481,-0.032944444
6.488,-0.033944444
6.495,-0.037944444
6.502,-0.042944444
6.509,-0.047944444
6.516,-0.045944444
6.523,-0.040944444
6.53,-0.037944444
6.537,-0.040944444
6.544,-0.040944444
6.551,-0.039944444
6.558,-0.038944444
6.565,-0.036944444
6.572,-0.036944444
6.579,-0.037944444
6.586,-0.035944444
6.593,-0.035944444
6.6,-0.035944444
6.607,-0.035944444
6.614,-0.034944444
6.621,-0.033944444
6.628,-0.033944444
6.635,-0.034944444
6.642,-0.036944444
6.649,-0.037944444
6.656,-0.039944444
6.663,-0.035944444
6.67,-0.032944444
6.677,-0.031944444
6.684,-0.031944444
6.691,-0.031944444
6.698,-0.032944444
6.705,-0.033944444
6.712,-0.033944444
6.719,-0.032944444
6.726,-0.029944444
6.733,-0.030944444
6.74,-0.032944444
6.747,-0.033944444
6.754,-0.034944444
6.761,-0.033944444
6.768,-0.030944444
6.775,-0.028944444
6.782,-0.025944444
6.789,-0.025944444
6.796,-0.029944444
6.803,-0.030944444
6.81,-0.030944444
6.817,-0.031944444
6.824,-0.031944444
6.831,-0.034944444
6.838,-0.037944444
6.845,-0.036944444
6.852,-0.032944444
6.859,-0.028944444
6.867,-0.027944444
6.874,-0.027944444
6.881,-0.027944444
6.888,-0.026944444
6.895,-0.025944444
6.902,-0.024944444
6.909,-0.023944444
6.916,-0.021944444
6.923,-0.022944444
6.93,-0.024944444
6.937,-0.025944444
6.944,-0.028944444
6.951,-0.030944444
6.958,-0.030944444
6.965,-0.030944444
6.972,-0.029944444
6.979,-0.028944444
6.986,-0.030944444
6.993,-0.031944444
7,-0.031944444
7.007,-0.031944444
7.014,-0.030944444
7.021,-0.027944444
7.028,-0.023944444
7.035,-0.020944444
7.042,-0.019944444
7.049,-0.020944444
7.056,-0.024944444
7.063,-0.025944444
7.07,-0.026944444
7.077,-0.025944444
7.084,-0.023944444
7.091,-0.023944444
7.098,-0.024944444
7.105,-0.022944444
7.112,-0.021944444
7.119,-0.021944444
7.126,-0.019944444
7.133,-0.022944444
7.14,-0.025944444
7.147,-0.027944444
7.154,-0.026944444
7.161,-0.025944444
7.168,-0.023944444
7.175,-0.020944444
7.182,-0.021944444
7.189,-0.022944444
7.196,-0.023944444
7.203,-0.027944444
7.21,-0.028944444
7.217,-0.024944444
7.224,-0.020944444
7.231,-0.019944444
7.238,-0.018944444
7.245,-0.019944444
7.252,-0.020944444
7.259,-0.019944444
7.266,-0.015944444
7.273,-0.017944444
7.281,-0.018944444
7.288,-0.018944444
7.295,-0.020944444
7.302,-0.020944444
7.309,-0.020944444
7.316,-0.017944444
7.323,-0.013944444
7.33,-0.010944444
7.337,-0.010944444
7.344,-0.009944444
7.351,-0.009944444
7.358,-0.008944444
7.365,-0.009944444
7.372,-0.009944444
7.379,-0.010944444
7.386,-0.012944444
7.393,-0.013944444
7.4,-0.013944444
7.407,-0.013944444
7.414,-0.012944444
7.421,-0.011944444
7.428,-0.010944444
7.435,-0.012944444
7.442,-0.013944444
7.449,-0.013944444
7.456,-0.013944444
7.463,-0.012944444
7.47,-0.009944444
7.477,-0.006944444
7.484,-0.004944444
7.491,-0.004944444
7.498,-0.005944444
7.505,-0.008944444
7.512,-0.009944444
7.519,-0.009944444
7.526,-0.009944444
7.533,-0.008944444
7.54,-0.005944444
7.547,-0.002944444
7.554,-0.003944444
7.561,-0.005944444
7.568,-0.005944444
7.575,-0.003944444
7.582,5.56E-05
7.589,0.002055556
7.596,5.56E-05
7.603,-0.002944444
7.61,-0.004944444
7.617,-0.006944444
7.624,-0.003944444
7.631,-0.001944444
7.638,-0.000944444
7.645,5.56E-05
7.652,-0.000944444
7.659,5.56E-05
7.666,0.002055556
7.673,5.56E-05
7.68,5.56E-05
7.688,0.001055556
7.695,0.003055556
7.702,0.005055556
7.709,0.005055556
7.716,5.56E-05
7.723,-0.004944444
7.73,-0.007944444
7.737,-0.006944444
7.744,-0.004944444
7.751,-0.002944444
7.758,-0.000944444
7.765,5.56E-05
7.772,0.002055556
7.779,0.004055556
7.786,0.003055556
7.793,0.005055556
7.8,0.006055556
7.807,0.006055556
7.814,0.007055556
7.821,0.005055556
7.828,0.003055556
7.835,0.001055556
7.842,0.002055556
7.849,0.005055556
7.856,0.003055556
7.863,0.002055556
7.87,0.001055556
7.877,-0.000944444
7.884,5.56E-05
7.891,0.003055556
7.898,0.007055556
7.905,0.005055556
7.912,0.002055556
7.919,0.001055556
7.926,0.003055556
7.933,0.005055556
7.94,0.006055556
7.947,0.004055556
7.954,5.56E-05
7.961,5.56E-05
7.968,0.001055556
7.975,0.003055556
7.982,0.007055556
7.989,0.011055556
7.996,0.013055556
8.003,0.014055556
8.01,0.015055556
8.017,0.017055556
8.024,0.017055556
8.031,0.017055556
8.038,0.018055556
8.045,0.018055556
8.052,0.018055556
8.059,0.019055556
8.066,0.023055556
8.073,0.025055556
8.08,0.027055556
8.087,0.029055556
8.095,0.034055556
8.102,0.036055556
8.109,0.039055556
8.116,0.041055556
8.123,0.045055556
8.13,0.048055556
8.137,0.049055556
8.144,0.052055556
8.151,0.058055556
8.158,0.065055556
8.165,0.069055556
8.172,0.073055556
8.179,0.077055556
8.186,0.079055556
8.193,0.084055556
8.2,0.090055556
8.207,0.099055556
8.214,0.100055556
8.221,0.103055556
8.228,0.108055556
8.235,0.117055556
8.242,0.121055556
8.249,0.125055556
8.256,0.129055556
8.263,0.137055556
8.27,0.143055556
8.277,0.146055556
8.284,0.157055556
8.291,0.164055556
8.298,0.170055556
8.305,0.175055556
8.312,0.181055556
8.319,0.186055556
8.326,0.189055556
8.333,0.196055556
8.34,0.207055556
8.347,0.222055556
8.354,0.233055556
8.361,0.241055556
8.368,0.249055556
8.375,0.268055556
8.382,0.278055556
8.389,0.286055556
8.396,0.295055556
8.403,0.305055556
8.41,0.313055556
8.417,0.320055556
8.424,0.338055556
8.431,0.349055556
8.438,0.357055556
8.445,0.370055556
8.452,0.385055556
8.459,0.399055556
8.466,0.410055556
8.473,0.419055556
8.48,0.431055556
8.487,0.445055556
8.494,0.454055556
8.501,0.472055556
8.509,0.491055556
8.516,0.498055556
8.523,0.506055556
8.53,0.516055556
8.537,0.528055556
8.544,0.533055556
8.551,0.536055556
8.558,0.538055556
8.565,0.550055556
8.572,0.558055556
8.579,0.562055556
8.586,0.562055556
8.593,0.559055556
8.6,0.557055556
8.607,0.557055556
8.614,0.557055556
8.621,0.557055556
8.628,0.558055556
8.635,0.554055556
8.642,0.552055556
8.649,0.549055556
8.656,0.544055556
8.663,0.538055556
8.67,0.530055556
8.677,0.519055556
8.684,0.515055556
8.691,0.512055556
8.698,0.508055556
8.705,0.498055556
8.712,0.493055556
8.719,0.487055556
8.726,0.478055556
8.733,0.476055556
8.74,0.473055556
8.747,0.470055556
8.754,0.470055556
8.761,0.470055556
8.768,0.471055556
8.775,0.472055556
8.782,0.474055556
8.789,0.476055556
8.796,0.478055556
8.803,0.482055556
8.81,0.489055556
8.817,0.500055556
8.824,0.507055556
8.831,0.521055556
8.838,0.538055556
8.845,0.545055556
8.852,0.557055556
8.859,0.575055556
8.866,0.599055556
8.873,0.610055556
8.88,0.620055556
8.887,0.631055556
8.894,0.663055556
8.901,0.685055556
8.908,0.700055556
8.916,0.713055556
8.923,0.745055556
8.93,0.777055556
8.937,0.800055556
8.944,0.838055556
8.951,0.866055556
8.958,0.882055556
8.965,0.904055556
8.972,0.937055556
8.979,0.971055556
8.986,0.991055556
8.993,1.005055556
9,1.027055556
9.007,1.062055556
9.014,1.079055556
9.021,1.096055556
9.028,1.116055556
9.035,1.144055556
9.042,1.163055556
9.049,1.179055556
9.056,1.202055556
9.063,1.212055556
9.07,1.221055556
9.077,1.231055556
9.084,1.244055556
9.091,1.254055556
9.098,1.262055556
9.105,1.268055556
9.112,1.275055556
9.119,1.279055556
9.126,1.280055556
9.133,1.277055556
9.14,1.273055556
9.147,1.270055556
9.154,1.266055556
9.161,1.259055556
9.168,1.251055556
9.175,1.244055556
9.182,1.237055556
9.189,1.229055556
9.196,1.216055556
9.203,1.204055556
9.21,1.194055556
9.217,1.185055556
9.224,1.164055556
9.231,1.149055556
9.238,1.138055556
9.245,1.123055556
9.252,1.100055556
9.259,1.078055556
9.266,1.062055556
9.273,1.034055556
9.28,1.012055556
9.287,0.997055556
9.294,0.990055556
9.301,0.969055556
9.308,0.944055556
9.315,0.927055556
9.323,0.910055556
9.33,0.888055556
9.337,0.859055556
9.344,0.845055556
9.351,0.829055556
9.358,0.810055556
9.365,0.779055556
9.372,0.759055556
9.379,0.741055556
9.386,0.715055556
9.393,0.699055556
9.4,0.687055556
9.407,0.675055556
9.414,0.650055556
9.421,0.631055556
9.428,0.618055556
9.435,0.606055556
9.442,0.586055556
9.449,0.565055556
9.456,0.549055556
9.463,0.539055556
9.47,0.527055556
9.477,0.510055556
9.484,0.497055556
9.491,0.479055556
9.498,0.460055556
9.505,0.448055556
9.512,0.438055556
9.519,0.426055556
9.526,0.409055556
9.533,0.399055556
9.54,0.391055556
9.547,0.384055556
9.554,0.370055556
9.561,0.361055556
9.568,0.356055556
9.575,0.350055556
9.582,0.340055556
9.589,0.329055556
9.596,0.321055556
9.603,0.311055556
9.61,0.303055556
9.617,0.299055556
9.624,0.293055556
9.631,0.285055556
9.638,0.276055556
9.645,0.274055556
9.652,0.271055556
9.659,0.269055556
9.666,0.265055556
9.673,0.266055556
9.68,0.266055556
9.687,0.265055556
9.694,0.261055556
9.701,0.259055556
9.708,0.258055556
9.715,0.255055556
9.722,0.255055556
9.729,0.256055556
9.737,0.257055556
9.744,0.262055556
9.751,0.265055556
9.758,0.268055556
9.765,0.272055556
9.772,0.279055556
9.779,0.287055556
9.786,0.289055556
9.793,0.293055556
9.8,0.298055556
9.807,0.307055556
9.814,0.312055556
9.821,0.321055556
9.828,0.331055556
9.835,0.339055556
9.842,0.347055556
9.849,0.357055556
9.856,0.372055556
9.863,0.378055556
9.87,0.384055556
9.877,0.394055556
9.884,0.408055556
9.891,0.419055556
9.898,0.427055556
9.905,0.434055556
9.912,0.449055556
9.919,0.463055556
9.926,0.472055556
9.933,0.489055556
9.94,0.506055556
9.947,0.519055556
9.954,0.531055556
9.961,0.545055556
9.968,0.559055556
9.975,0.564055556
9.982,0.572055556
9.989,0.584055556
9.996,0.602055556
10.003,0.610055556
10.01,0.617055556
10.017,0.627055556
10.024,0.638055556
10.031,0.646055556
10.038,0.654055556
10.045,0.669055556
10.052,0.676055556
10.059,0.681055556
10.066,0.687055556
10.073,0.694055556
10.08,0.700055556
10.087,0.705055556
10.094,0.711055556
10.101,0.713055556
10.108,0.715055556
10.115,0.717055556
10.122,0.719055556
10.129,0.720055556
10.136,0.719055556
10.144,0.718055556
10.151,0.717055556
10.158,0.716055556
10.165,0.719055556
10.172,0.719055556
10.179,0.716055556
10.186,0.712055556
10.193,0.708055556
10.2,0.706055556
10.207,0.705055556
10.214,0.696055556
10.221,0.688055556
10.228,0.682055556
10.235,0.678055556
10.242,0.670055556
10.249,0.661055556
10.256,0.656055556
10.263,0.642055556
10.27,0.630055556
10.277,0.624055556
10.284,0.616055556
10.291,0.604055556
10.298,0.590055556
10.305,0.585055556
10.312,0.579055556
10.319,0.569055556
10.326,0.553055556
10.333,0.548055556
10.34,0.542055556
10.347,0.533055556
10.354,0.517055556
10.361,0.504055556
10.368,0.493055556
10.375,0.478055556
10.382,0.468055556
10.389,0.460055556
10.396,0.455055556
10.403,0.438055556
10.41,0.422055556
10.417,0.411055556
10.424,0.406055556
10.431,0.395055556
10.438,0.382055556
10.445,0.373055556
10.452,0.364055556
10.459,0.354055556
10.466,0.341055556
10.473,0.336055556
10.48,0.328055556
10.487,0.318055556
10.494,0.311055556
10.501,0.303055556
10.508,0.294055556
10.515,0.283055556
10.522,0.275055556
10.529,0.267055556
10.536,0.258055556
10.543,0.245055556
10.551,0.237055556
10.558,0.234055556
10.565,0.232055556
10.572,0.225055556
10.579,0.216055556
10.586,0.209055556
10.593,0.199055556
10.6,0.191055556
10.607,0.187055556
10.614,0.181055556
10.621,0.172055556
10.628,0.163055556
10.635,0.159055556
10.642,0.155055556
10.649,0.150055556
10.656,0.140055556
10.663,0.138055556
10.67,0.135055556
10.677,0.131055556
10.684,0.129055556
10.691,0.126055556
10.698,0.123055556
10.705,0.118055556
10.712,0.113055556
10.719,0.110055556
10.726,0.108055556
10.733,0.106055556
10.74,0.104055556
10.747,0.102055556
10.754,0.103055556
10.761,0.101055556
10.768,0.097055556
10.775,0.095055556
10.782,0.093055556
10.789,0.090055556
10.796,0.085055556
10.803,0.080055556
10.81,0.075055556
10.817,0.072055556
10.824,0.071055556
10.831,0.071055556
10.838,0.071055556
10.845,0.069055556
10.852,0.066055556
10.859,0.065055556
10.866,0.067055556
10.873,0.065055556
10.88,0.064055556
10.887,0.065055556
10.894,0.064055556
10.901,0.061055556
10.908,0.056055556
10.915,0.052055556
10.922,0.053055556
10.929,0.054055556
10.936,0.052055556
10.943,0.054055556
10.95,0.054055556
10.958,0.053055556
10.965,0.055055556
10.972,0.053055556
10.979,0.051055556
10.986,0.049055556
10.993,0.051055556
11,0.052055556
11.007,0.053055556
11.014,0.051055556
11.021,0.049055556
11.028,0.048055556
11.035,0.049055556
11.042,0.050055556
11.049,0.051055556
11.056,0.049055556
11.063,0.050055556
11.07,0.050055556
11.077,0.050055556
11.084,0.049055556
11.091,0.048055556
11.098,0.047055556
11.105,0.051055556
11.112,0.054055556
11.119,0.058055556
11.126,0.062055556
11.133,0.064055556
11.14,0.064055556
11.147,0.065055556
11.154,0.064055556
11.161,0.065055556
11.168,0.070055556
11.175,0.078055556
11.182,0.082055556
11.189,0.083055556
11.196,0.082055556
11.203,0.082055556
11.21,0.082055556
11.217,0.083055556
11.224,0.087055556
11.231,0.094055556
11.238,0.101055556
11.245,0.106055556
11.252,0.108055556
11.259,0.108055556
11.266,0.109055556
11.273,0.110055556
11.28,0.116055556
11.287,0.126055556
11.294,0.131055556
11.301,0.136055556
11.308,0.142055556
11.315,0.153055556
11.322,0.159055556
11.329,0.164055556
11.336,0.171055556
11.343,0.186055556
11.35,0.196055556
11.357,0.202055556
11.364,0.216055556
11.372,0.226055556
11.379,0.233055556
11.386,0.239055556
11.393,0.254055556
11.4,0.268055556
11.407,0.275055556
11.414,0.284055556
11.421,0.301055556
11.428,0.321055556
11.435,0.334055556
11.442,0.346055556
11.449,0.361055556
11.456,0.387055556
11.463,0.401055556
11.47,0.420055556
11.477,0.449055556
11.484,0.462055556
11.491,0.477055556
11.498,0.496055556
11.505,0.528055556
11.512,0.549055556
11.519,0.566055556
11.526,0.579055556
11.533,0.613055556
11.54,0.644055556
11.547,0.666055556
11.554,0.681055556
11.561,0.710055556
11.568,0.746055556
11.575,0.762055556
11.582,0.796055556
11.589,0.829055556
11.596,0.850055556
11.603,0.874055556
11.61,0.909055556
11.617,0.956055556
11.624,0.979055556
11.631,1.001055556
11.638,1.026055556
11.645,1.069055556
11.652,1.100055556
11.659,1.125055556
11.666,1.149055556
11.673,1.192055556
11.68,1.226055556
11.687,1.247055556
11.694,1.288055556
11.701,1.316055556
11.708,1.338055556
11.715,1.362055556
11.722,1.403055556
11.729,1.441055556
11.736,1.463055556
11.743,1.481055556
11.75,1.512055556
11.757,1.554055556
11.764,1.570055556
11.771,1.590055556
11.779,1.615055556
11.786,1.653055556
11.793,1.674055556
11.8,1.695055556
11.807,1.726055556
11.814,1.740055556
11.821,1.753055556
11.828,1.767055556
11.835,1.791055556
11.842,1.806055556
11.849,1.818055556
11.856,1.828055556
11.863,1.845055556
11.87,1.859055556
11.877,1.868055556
11.884,1.876055556
11.891,1.885055556
11.898,1.895055556
11.905,1.900055556
11.912,1.903055556
11.919,1.904055556
11.926,1.903055556
11.933,1.904055556
11.94,1.906055556
11.947,1.909055556
11.954,1.906055556
11.961,1.904055556
11.968,1.901055556
11.975,1.891055556
11.982,1.883055556
11.989,1.875055556
11.996,1.867055556
12.003,1.855055556
12.01,1.843055556
12.017,1.831055556
12.024,1.805055556
12.031,1.787055556
12.038,1.773055556
12.045,1.762055556
12.052,1.743055556
12.059,1.724055556
12.066,1.712055556
12.073,1.700055556
12.08,1.680055556
12.087,1.653055556
12.094,1.641055556
12.101,1.627055556
12.108,1.608055556
12.115,1.576055556
12.122,1.558055556
12.129,1.537055556
12.136,1.504055556
12.143,1.484055556
12.15,1.467055556
12.157,1.450055556
12.164,1.415055556
12.171,1.392055556
12.178,1.373055556
12.186,1.351055556
12.193,1.320055556
12.2,1.293055556
12.207,1.277055556
12.214,1.261055556
12.221,1.238055556
12.228,1.208055556
12.235,1.190055556
12.242,1.161055556
12.249,1.130055556
12.256,1.110055556
12.263,1.098055556
12.27,1.079055556
12.277,1.045055556
12.284,1.030055556
12.291,1.015055556
12.298,0.998055556
12.305,0.972055556
12.312,0.953055556
12.319,0.939055556
12.326,0.929055556
12.333,0.901055556
12.34,0.878055556
12.347,0.863055556
12.354,0.832055556
12.361,0.811055556
12.368,0.797055556
12.375,0.784055556
12.382,0.764055556
12.389,0.743055556
12.396,0.731055556
12.403,0.721055556
12.41,0.705055556
12.417,0.684055556
12.424,0.672055556
12.431,0.664055556
12.438,0.655055556
12.445,0.637055556
12.452,0.626055556
12.459,0.612055556
12.466,0.587055556
12.473,0.577055556
12.48,0.569055556
12.487,0.561055556
12.494,0.547055556
12.501,0.537055556
12.508,0.531055556
12.515,0.520055556
12.522,0.506055556
12.529,0.493055556
12.536,0.486055556
12.543,0.481055556
12.55,0.473055556
12.557,0.463055556
12.564,0.458055556
12.571,0.452055556
12.578,0.444055556
12.585,0.435055556
12.592,0.426055556
12.6,0.417055556
12.607,0.408055556
12.614,0.405055556
12.621,0.402055556
12.628,0.397055556
12.635,0.392055556
12.642,0.386055556
12.649,0.380055556
12.656,0.377055556
12.663,0.373055556
12.67,0.369055556
12.677,0.367055556
12.684,0.365055556
12.691,0.362055556
12.698,0.358055556
12.705,0.356055556
12.712,0.350055556
12.719,0.345055556
12.726,0.345055556
12.733,0.340055556
12.74,0.336055556
12.747,0.333055556
12.754,0.332055556
12.761,0.330055556
12.768,0.329055556
12.775,0.329055556
12.782,0.330055556
12.789,0.331055556
12.796,0.330055556
12.803,0.328055556
12.81,0.325055556
12.817,0.323055556
12.824,0.324055556
12.831,0.323055556
12.838,0.321055556
12.845,0.323055556
12.852,0.320055556
12.859,0.317055556
12.866,0.315055556
12.873,0.316055556
12.88,0.315055556
12.887,0.314055556
12.894,0.313055556
12.901,0.309055556
12.908,0.306055556
12.915,0.304055556
12.922,0.304055556
12.929,0.304055556
12.936,0.306055556
12.943,0.305055556
12.95,0.305055556
12.957,0.305055556
12.964,0.300055556
12.971,0.298055556
12.978,0.296055556
12.985,0.295055556
12.992,0.294055556
12.999,0.295055556
13.007,0.296055556
13.014,0.290055556
13.021,0.285055556
13.028,0.282055556
13.035,0.279055556
13.042,0.277055556
13.049,0.276055556
13.056,0.278055556
13.063,0.279055556
13.07,0.277055556
13.077,0.272055556
13.084,0.267055556
13.091,0.263055556
13.098,0.261055556
13.105,0.259055556
13.112,0.257055556
13.119,0.253055556
13.126,0.248055556
13.133,0.243055556
13.14,0.239055556
13.147,0.237055556
13.154,0.233055556
13.161,0.229055556
13.168,0.227055556
13.175,0.224055556
13.182,0.222055556
13.189,0.221055556
13.196,0.221055556
13.203,0.219055556
13.21,0.216055556
13.217,0.211055556
13.224,0.207055556
13.231,0.200055556
13.238,0.193055556
13.245,0.194055556
13.252,0.191055556
13.259,0.188055556
13.266,0.186055556
13.273,0.183055556
13.28,0.180055556
13.287,0.179055556
13.294,0.172055556
13.301,0.168055556
13.308,0.165055556
13.315,0.163055556
13.322,0.159055556
13.329,0.156055556
13.336,0.153055556
13.343,0.143055556
13.35,0.136055556
13.357,0.135055556
13.364,0.134055556
13.371,0.136055556
13.378,0.138055556
13.385,0.136055556
13.392,0.136055556
13.399,0.134055556
13.406,0.128055556
13.414,0.128055556
13.421,0.126055556
13.428,0.122055556
13.435,0.120055556
13.442,0.118055556
13.449,0.114055556
13.456,0.110055556
13.463,0.108055556
13.47,0.106055556
13.477,0.102055556
13.484,0.099055556
13.491,0.097055556
13.498,0.096055556
13.505,0.095055556
13.512,0.091055556
13.519,0.086055556
13.526,0.083055556
13.533,0.080055556
13.54,0.080055556
13.547,0.084055556
13.554,0.085055556
13.561,0.085055556
13.568,0.084055556
13.575,0.082055556
13.582,0.081055556
13.589,0.080055556
13.596,0.077055556
13.603,0.077055556
13.61,0.074055556
13.617,0.067055556
13.624,0.063055556
13.631,0.064055556
13.638,0.066055556
13.645,0.069055556
13.652,0.072055556
13.659,0.073055556
13.666,0.072055556
13.673,0.070055556
13.68,0.069055556
13.687,0.070055556
13.694,0.073055556
13.701,0.073055556
13.708,0.072055556
13.715,0.073055556
13.722,0.070055556
13.729,0.068055556
13.736,0.072055556
13.743,0.074055556
13.75,0.076055556
13.757,0.078055556
13.764,0.077055556
13.771,0.077055556
13.778,0.076055556
13.785,0.074055556
13.792,0.072055556
13.799,0.071055556
13.806,0.073055556
13.813,0.076055556
13.821,0.079055556
13.828,0.080055556
13.835,0.078055556
13.842,0.076055556
13.849,0.074055556
13.856,0.074055556
13.863,0.075055556
13.87,0.077055556
13.877,0.083055556
13.884,0.080055556
13.891,0.077055556
13.898,0.074055556
13.905,0.070055556
13.912,0.069055556
13.919,0.070055556
13.926,0.072055556
13.933,0.072055556
13.94,0.071055556
13.947,0.068055556
13.954,0.068055556
13.961,0.070055556
13.968,0.072055556
13.975,0.074055556
13.982,0.074055556
13.989,0.074055556
13.996,0.075055556
14.003,0.075055556
14.01,0.074055556
14.017,0.073055556
14.024,0.074055556
14.031,0.075055556
14.038,0.074055556
14.045,0.075055556
14.052,0.077055556
14.059,0.078055556
14.066,0.079055556
14.073,0.080055556
14.08,0.081055556
14.087,0.082055556
14.094,0.081055556
14.101,0.080055556
14.108,0.080055556
14.115,0.082055556
14.122,0.081055556
14.129,0.080055556
14.136,0.079055556
14.143,0.080055556
14.15,0.081055556
14.157,0.080055556
14.164,0.079055556
14.171,0.082055556
14.178,0.086055556
14.185,0.090055556
14.192,0.091055556
14.199,0.091055556
14.206,0.092055556
14.213,0.093055556
14.22,0.095055556
14.227,0.098055556
14.235,0.097055556
14.242,0.098055556
14.249,0.101055556
14.256,0.107055556
14.263,0.110055556
14.27,0.112055556
14.277,0.113055556
14.284,0.113055556
14.291,0.113055556
14.298,0.114055556
14.305,0.118055556
14.312,0.125055556
14.319,0.132055556
14.326,0.136055556
14.333,0.141055556
14.34,0.144055556
14.347,0.147055556
14.354,0.149055556
14.361,0.155055556
14.368,0.163055556
14.375,0.169055556
14.382,0.172055556
14.389,0.177055556
14.396,0.186055556
14.403,0.191055556
14.41,0.197055556
14.417,0.204055556
14.424,0.215055556
14.431,0.222055556
14.438,0.229055556
14.445,0.246055556
14.452,0.255055556
14.459,0.262055556
14.466,0.270055556
14.473,0.286055556
14.48,0.301055556
14.487,0.312055556
14.494,0.320055556
14.501,0.335055556
14.508,0.355055556
14.515,0.369055556
14.522,0.380055556
14.529,0.394055556
14.536,0.419055556
14.543,0.431055556
14.55,0.449055556
14.557,0.475055556
14.564,0.487055556
14.571,0.504055556
14.578,0.524055556
14.585,0.555055556
14.592,0.574055556
14.599,0.587055556
14.606,0.597055556
14.613,0.628055556
14.62,0.651055556
14.627,0.667055556
14.634,0.686055556
14.642,0.711055556
14.649,0.738055556
14.656,0.755055556
14.663,0.782055556
14.67,0.806055556
14.677,0.820055556
14.684,0.840055556
14.691,0.867055556
14.698,0.898055556
14.705,0.919055556
14.712,0.934055556
14.719,0.951055556
14.726,0.980055556
14.733,0.996055556
14.74,1.011055556
14.747,1.029055556
14.754,1.055055556
14.761,1.071055556
14.768,1.081055556
14.775,1.103055556
14.782,1.115055556
14.789,1.127055556
14.796,1.143055556
14.803,1.158055556
14.81,1.172055556
14.817,1.182055556
14.824,1.188055556
14.831,1.198055556
14.838,1.210055556
14.845,1.213055556
14.852,1.217055556
14.859,1.221055556
14.866,1.228055556
14.873,1.230055556
14.88,1.230055556
14.887,1.228055556
14.894,1.227055556
14.901,1.225055556
14.908,1.223055556
14.915,1.218055556
14.922,1.214055556
14.929,1.209055556
14.936,1.204055556
14.943,1.192055556
14.95,1.181055556
14.957,1.171055556
14.964,1.159055556
14.971,1.144055556
14.978,1.127055556
14.985,1.116055556
14.992,1.098055556
14.999,1.081055556
15.006,1.071055556
15.013,1.062055556
15.02,1.043055556
15.027,1.017055556
15.034,0.998055556
15.041,0.982055556
15.049,0.966055556
15.056,0.939055556
15.063,0.925055556
15.07,0.911055556
15.077,0.894055556
15.084,0.868055556
15.091,0.846055556
15.098,0.827055556
15.105,0.797055556
15.112,0.778055556
15.119,0.763055556
15.126,0.751055556
15.133,0.726055556
15.14,0.704055556
15.147,0.692055556
15.154,0.676055556
15.161,0.652055556
15.168,0.623055556
15.175,0.607055556
15.182,0.594055556
15.189,0.579055556
15.196,0.558055556
15.203,0.542055556
15.21,0.523055556
15.217,0.498055556
15.224,0.480055556
15.231,0.470055556
15.238,0.463055556
15.245,0.443055556
15.252,0.431055556
15.259,0.419055556
15.266,0.404055556
15.273,0.383055556
15.28,0.366055556
15.287,0.356055556
15.294,0.348055556
15.301,0.336055556
15.308,0.322055556
15.315,0.316055556
15.322,0.304055556
15.329,0.291055556
15.336,0.278055556
15.343,0.269055556
15.35,0.257055556
15.357,0.242055556
15.364,0.241055556
15.371,0.236055556
15.378,0.227055556
15.385,0.215055556
15.392,0.206055556
15.399,0.200055556
15.406,0.195055556
15.413,0.187055556
15.42,0.180055556
15.427,0.175055556
15.434,0.168055556
15.441,0.165055556
15.448,0.162055556
15.455,0.159055556
15.463,0.153055556
15.47,0.147055556
15.477,0.140055556
15.484,0.139055556
15.491,0.136055556
15.498,0.132055556
15.505,0.130055556
15.512,0.128055556
15.519,0.123055556
15.526,0.114055556
15.533,0.110055556
15.54,0.107055556
15.547,0.106055556
15.554,0.103055556
15.561,0.099055556
15.568,0.096055556
15.575,0.094055556
15.582,0.093055556
15.589,0.091055556
15.596,0.086055556
15.603,0.081055556
15.61,0.078055556
15.617,0.078055556
15.624,0.079055556
15.631,0.077055556
15.638,0.073055556
15.645,0.072055556
15.652,0.070055556
15.659,0.068055556
15.666,0.068055556
15.673,0.069055556
15.68,0.069055556
15.687,0.068055556
15.694,0.065055556
15.701,0.064055556
15.708,0.065055556
15.715,0.062055556
15.722,0.059055556
15.729,0.057055556
15.736,0.053055556
15.743,0.052055556
15.75,0.052055556
15.757,0.052055556
15.764,0.051055556
15.771,0.052055556
15.778,0.053055556
15.785,0.052055556
15.792,0.048055556
15.799,0.044055556
15.806,0.039055556
15.813,0.038055556
15.82,0.038055556
15.827,0.041055556
15.834,0.039055556
15.841,0.040055556
15.848,0.041055556
15.855,0.040055556
15.862,0.036055556
15.87,0.032055556
15.877,0.031055556
15.884,0.032055556
15.891,0.032055556
15.898,0.032055556
15.905,0.032055556
15.912,0.033055556
15.919,0.035055556
15.926,0.036055556
15.933,0.032055556
15.94,0.028055556
15.947,0.026055556
15.954,0.027055556
15.961,0.027055556
15.968,0.028055556
15.975,0.027055556
15.982,0.023055556
15.989,0.018055556
15.996,0.016055556
16.003,0.017055556
16.01,0.019055556
16.017,0.023055556
16.024,0.022055556
16.031,0.019055556
16.038,0.017055556
16.045,0.014055556
16.052,0.011055556
16.059,0.010055556
16.066,0.009055556
16.073,0.009055556
16.08,0.010055556
16.087,0.012055556
16.094,0.013055556
16.101,0.013055556
16.108,0.011055556
16.115,0.014055556
16.122,0.016055556
16.129,0.016055556
16.136,0.014055556
16.143,0.014055556
16.15,0.013055556
16.157,0.012055556
16.164,0.011055556
16.171,0.008055556
16.178,0.006055556
16.185,0.007055556
16.192,0.010055556
16.199,0.012055556
16.206,0.012055556
16.213,0.010055556
16.22,0.008055556
16.227,0.006055556
16.234,0.006055556
16.241,0.007055556
16.248,0.009055556
16.255,0.011055556
16.262,0.008055556
16.269,0.004055556
16.277,0.001055556
16.284,5.56E-05
16.291,0.001055556
16.298,0.004055556
16.305,0.006055556
16.312,0.006055556
16.319,0.005055556
16.326,0.005055556
16.333,0.004055556
16.34,0.004055556
16.347,0.004055556
16.354,0.003055556
16.361,0.002055556
16.368,0.003055556
16.375,0.004055556
16.382,0.006055556
16.389,0.007055556
16.396,0.005055556
16.403,0.006055556
16.41,0.005055556
16.417,0.004055556
16.424,0.003055556
16.431,0.003055556
16.438,0.004055556
16.445,0.005055556
16.452,0.006055556
16.459,0.006055556
16.466,0.003055556
16.473,0.004055556
16.48,0.003055556
16.487,-0.001944444
16.494,-0.000944444
16.501,5.56E-05
16.508,0.001055556
16.515,0.003055556
16.522,0.001055556
16.529,5.56E-05
16.536,0.002055556
16.543,0.002055556
16.55,0.002055556
16.557,0.002055556
16.564,5.56E-05
16.571,0.001055556
16.578,0.005055556
16.585,0.007055556
16.592,0.006055556
16.599,0.005055556
16.606,0.005055556
16.613,0.004055556
16.62,0.004055556
16.627,0.003055556
16.634,-0.000944444
16.641,-0.000944444
16.648,5.56E-05
16.655,0.001055556
16.662,0.002055556
16.669,0.004055556
16.676,0.008055556
16.684,0.009055556
16.691,0.009055556
16.698,0.010055556
16.705,0.010055556
16.712,0.012055556
16.719,0.015055556
16.726,0.016055556
16.733,0.018055556
16.74,0.019055556
16.747,0.017055556
16.754,0.014055556
16.761,0.015055556
16.768,0.017055556
16.775,0.019055556
16.782,0.018055556
16.789,0.016055556
16.796,0.015055556
16.803,0.015055556
16.81,0.016055556
16.817,0.019055556
16.824,0.022055556
16.831,0.024055556
16.838,0.025055556
16.845,0.026055556
16.852,0.025055556
16.859,0.024055556
16.866,0.024055556
16.873,0.026055556
16.88,0.031055556
16.887,0.037055556
16.894,0.041055556
16.901,0.044055556
16.908,0.046055556
16.915,0.046055556
16.922,0.051055556
16.929,0.056055556
16.936,0.059055556
16.943,0.061055556
16.95,0.066055556
16.957,0.072055556
16.964,0.076055556
16.971,0.082055556
16.978,0.090055556
16.985,0.094055556
16.992,0.098055556
16.999,0.105055556
17.006,0.117055556
17.013,0.123055556
17.02,0.130055556
17.027,0.138055556
17.034,0.155055556
17.041,0.166055556
17.048,0.173055556
17.055,0.181055556
17.062,0.193055556
17.069,0.204055556
17.076,0.212055556
17.083,0.235055556
17.09,0.250055556
17.098,0.259055556
17.105,0.269055556
17.112,0.287055556
17.119,0.309055556
17.126,0.324055556
17.133,0.338055556
17.14,0.356055556
17.147,0.382055556
17.154,0.398055556
17.161,0.413055556
17.168,0.430055556
17.175,0.459055556
17.182,0.477055556
17.189,0.494055556
17.196,0.522055556
17.203,0.539055556
17.21,0.555055556
17.217,0.574055556
17.224,0.611055556
17.231,0.637055556
17.238,0.654055556
17.245,0.670055556
17.252,0.697055556
17.259,0.726055556
17.266,0.744055556
17.273,0.759055556
17.28,0.781055556
17.287,0.814055556
17.294,0.827055556
17.301,0.855055556
17.308,0.888055556
17.315,0.900055556
17.322,0.912055556
17.329,0.928055556
17.336,0.950055556
17.343,0.966055556
17.35,0.977055556
17.357,0.984055556
17.364,1.006055556
17.371,1.020055556
17.378,1.030055556
17.385,1.038055556
17.392,1.052055556
17.399,1.066055556
17.406,1.073055556
17.413,1.080055556
17.42,1.085055556
17.427,1.087055556
17.434,1.091055556
17.441,1.097055556
17.448,1.101055556
17.455,1.102055556
17.462,1.100055556
17.469,1.096055556
17.476,1.088055556
17.483,1.083055556
17.49,1.080055556
17.497,1.077055556
17.505,1.066055556
17.512,1.058055556
17.519,1.051055556
17.526,1.038055556
17.533,1.031055556
17.54,1.024055556
17.547,1.013055556
17.554,0.993055556
17.561,0.979055556
17.568,0.970055556
17.575,0.962055556
17.582,0.941055556
17.589,0.918055556
17.596,0.907055556
17.603,0.893055556
17.61,0.875055556
17.617,0.851055556
17.624,0.841055556
17.631,0.821055556
17.638,0.796055556
17.645,0.783055556
17.652,0.771055556
17.659,0.755055556
17.666,0.726055556
17.673,0.709055556
17.68,0.692055556
17.687,0.673055556
17.694,0.648055556
17.701,0.631055556
17.708,0.620055556
17.715,0.606055556
17.722,0.582055556
17.729,0.559055556
17.736,0.547055556
17.743,0.522055556
17.75,0.502055556
17.757,0.488055556
17.764,0.475055556
17.771,0.458055556
17.778,0.440055556
17.785,0.430055556
17.792,0.419055556
17.799,0.405055556
17.806,0.386055556
17.813,0.376055556
17.82,0.367055556
17.827,0.356055556
17.834,0.337055556
17.841,0.323055556
17.848,0.311055556
17.855,0.295055556
17.862,0.285055556
17.869,0.276055556
17.876,0.269055556
17.883,0.256055556
17.89,0.244055556
17.897,0.234055556
17.904,0.228055556
17.912,0.219055556
17.919,0.210055556
17.926,0.208055556
17.933,0.202055556
17.94,0.194055556
17.947,0.184055556
17.954,0.176055556
17.961,0.169055556
17.968,0.163055556
17.975,0.159055556
17.982,0.156055556
17.989,0.151055556
17.996,0.142055556
18.003,0.137055556
18.01,0.133055556
18.017,0.129055556
18.024,0.123055556
18.031,0.119055556
18.038,0.118055556
18.045,0.117055556
18.052,0.114055556
18.059,0.110055556
18.066,0.106055556
18.073,0.098055556
18.08,0.091055556
18.087,0.087055556
18.094,0.090055556
18.101,0.090055556
18.108,0.088055556
18.115,0.086055556
18.122,0.084055556
18.129,0.082055556
18.136,0.077055556
18.143,0.072055556
18.15,0.069055556
18.157,0.068055556
18.164,0.063055556
18.171,0.061055556
18.178,0.061055556
18.185,0.060055556
18.192,0.059055556
18.199,0.058055556
18.206,0.054055556
18.213,0.051055556
18.22,0.049055556
18.227,0.048055556
18.234,0.046055556
18.241,0.044055556
18.248,0.042055556
18.255,0.041055556
18.262,0.042055556
18.269,0.040055556
18.276,0.035055556
18.283,0.032055556
18.29,0.030055556
18.297,0.029055556
18.304,0.029055556
18.311,0.029055556
18.318,0.027055556
18.326,0.025055556
18.333,0.024055556
18.34,0.024055556
18.347,0.023055556
18.354,0.021055556
18.361,0.020055556
18.368,0.019055556
18.375,0.014055556
18.382,0.011055556
18.389,0.009055556
18.396,0.009055556
18.403,0.008055556
18.41,0.008055556
18.417,0.008055556
18.424,0.009055556
18.431,0.012055556
18.438,0.015055556
18.445,0.013055556
18.452,0.011055556
18.459,0.008055556
18.466,0.005055556
18.473,0.005055556
18.48,0.004055556
18.487,0.003055556
18.494,0.004055556
18.501,0.007055556
18.508,0.010055556
18.515,0.010055556
18.522,0.012055556
18.529,0.013055556
18.536,0.012055556
18.543,0.006055556
18.55,0.002055556
18.557,0.002055556
18.564,0.001055556
18.571,5.56E-05
18.578,5.56E-05
18.585,-0.001944444
18.592,-0.003944444
18.599,-0.004944444
18.606,-0.003944444
18.613,-0.002944444
18.62,-0.000944444
18.627,0.002055556
18.634,0.003055556
18.641,0.004055556
18.648,0.005055556
18.655,0.004055556
18.662,0.003055556
18.669,0.003055556
18.676,0.005055556
18.683,0.004055556
18.69,0.003055556
18.697,0.002055556
18.704,0.001055556
18.711,0.002055556
18.718,0.003055556
18.725,0.003055556
18.733,0.001055556
18.74,-0.000944444
18.747,-0.000944444
18.754,-0.002944444
18.761,-0.002944444
18.768,-0.001944444
18.775,-0.000944444
18.782,5.56E-05
18.789,0.002055556
18.796,0.003055556
18.803,0.003055556
18.81,0.002055556
18.817,5.56E-05
18.824,0.001055556
18.831,0.002055556
18.838,0.001055556
18.845,0.003055556
18.852,0.003055556
18.859,0.003055556
18.866,0.005055556
18.873,0.001055556
18.88,-0.000944444
18.887,-0.000944444
18.894,5.56E-05
18.901,0.001055556
18.908,0.002055556
18.915,0.002055556
18.922,0.001055556
18.929,5.56E-05
18.936,-0.001944444
18.943,-0.000944444
18.95,5.56E-05
18.957,0.003055556
18.964,0.002055556
18.971,0.002055556
18.978,0.004055556
18.985,0.008055556
18.992,0.010055556
18.999,0.009055556
19.006,0.007055556
19.013,0.006055556
19.02,0.005055556
19.027,0.005055556
19.034,0.005055556
19.041,0.004055556
19.048,0.003055556
19.055,0.006055556
19.062,0.007055556
19.069,0.008055556
19.076,0.010055556
19.083,0.011055556
19.09,0.011055556
19.097,0.010055556
19.104,0.011055556
19.111,0.010055556
19.118,0.008055556
19.125,0.003055556
19.132,0.001055556
19.14,0.001055556
19.147,0.001055556
19.154,0.003055556
19.161,0.006055556
19.168,0.009055556
19.175,0.009055556
19.182,0.010055556
19.189,0.012055556
19.196,0.011055556
19.203,0.016055556
19.21,0.018055556
19.217,0.016055556
19.224,0.011055556
19.231,0.007055556
19.238,0.004055556
19.245,0.004055556
19.252,0.008055556
19.259,0.014055556
19.266,0.019055556
19.273,0.019055556
19.28,0.018055556
19.287,0.017055556
19.294,0.020055556
19.301,0.023055556
19.308,0.025055556
19.315,0.026055556
19.322,0.024055556
19.329,0.022055556
19.336,0.022055556
19.343,0.027055556
19.35,0.031055556
19.357,0.031055556
19.364,0.032055556
19.371,0.033055556
19.378,0.034055556
19.385,0.036055556
19.392,0.038055556
19.399,0.038055556
19.406,0.035055556
19.413,0.036055556
19.42,0.037055556
19.427,0.040055556
19.434,0.041055556
19.441,0.043055556
19.448,0.045055556
19.455,0.048055556
19.462,0.049055556
19.469,0.050055556
19.476,0.050055556
19.483,0.053055556
19.49,0.055055556
19.497,0.056055556
19.504,0.055055556
19.511,0.055055556
19.518,0.056055556
19.525,0.056055556
19.532,0.060055556
19.539,0.064055556
19.546,0.064055556
19.554,0.063055556
19.561,0.062055556
19.568,0.060055556
19.575,0.062055556
19.582,0.064055556
19.589,0.066055556
19.596,0.070055556
19.603,0.072055556
19.61,0.073055556
19.617,0.074055556
19.624,0.073055556
19.631,0.072055556
19.638,0.070055556
19.645,0.075055556
19.652,0.075055556
19.659,0.074055556
19.666,0.074055556
19.673,0.070055556
19.68,0.069055556
19.687,0.072055556
19.694,0.073055556
19.701,0.074055556
19.708,0.074055556
19.715,0.072055556
19.722,0.073055556
19.729,0.075055556
19.736,0.076055556
19.743,0.077055556
19.75,0.077055556
19.757,0.074055556
19.764,0.073055556
19.771,0.075055556
19.778,0.077055556
19.785,0.075055556
19.792,0.074055556
19.799,0.074055556
19.806,0.072055556
19.813,0.073055556
19.82,0.072055556
19.827,0.070055556
19.834,0.066055556
19.841,0.064055556
19.848,0.065055556
19.855,0.065055556
19.862,0.069055556
19.869,0.072055556
19.876,0.073055556
19.883,0.072055556
19.89,0.069055556
19.897,0.066055556
19.904,0.064055556
19.911,0.063055556
19.918,0.062055556
19.925,0.063055556
19.932,0.062055556
19.939,0.061055556
19.946,0.060055556
19.953,0.061055556
19.961,0.062055556
19.968,0.065055556
19.975,0.063055556
19.982,0.063055556
19.989,0.062055556
19.996,0.062055556
20.003,0.062055556
20.01,0.062055556
20.017,0.061055556
20.024,0.062055556
20.031,0.061055556
20.038,0.059055556
20.045,0.057055556
20.052,0.057055556
20.059,0.057055556
20.066,0.056055556
20.073,0.055055556
20.08,0.053055556
20.087,0.049055556
20.094,0.049055556
20.101,0.050055556
20.108,0.051055556
20.115,0.054055556
20.122,0.052055556
20.129,0.049055556
20.136,0.046055556
20.143,0.048055556
20.15,0.049055556
20.157,0.049055556
20.164,0.048055556
20.171,0.048055556
20.178,0.047055556
20.185,0.046055556
20.192,0.045055556
20.199,0.045055556
20.206,0.048055556
20.213,0.049055556
20.22,0.049055556
20.227,0.048055556
20.234,0.047055556
20.241,0.046055556
20.248,0.044055556
20.255,0.042055556
20.262,0.043055556
20.269,0.043055556
20.276,0.042055556
20.283,0.039055556
20.29,0.037055556
20.297,0.036055556
20.304,0.040055556
20.311,0.042055556
20.318,0.043055556
20.325,0.040055556
20.332,0.039055556
20.339,0.039055556
20.346,0.039055556
20.353,0.040055556
20.36,0.040055556
20.368,0.040055556
20.375,0.038055556
20.382,0.034055556
20.389,0.030055556
20.396,0.030055556
20.403,0.032055556
20.41,0.034055556
20.417,0.035055556
20.424,0.032055556
20.431,0.031055556
20.438,0.032055556
20.445,0.030055556
20.452,0.029055556
20.459,0.029055556
20.466,0.030055556
20.473,0.030055556
20.48,0.030055556
20.487,0.029055556
20.494,0.030055556
20.501,0.031055556
20.508,0.032055556
20.515,0.030055556
20.522,0.029055556
20.529,0.028055556
20.536,0.026055556
20.543,0.026055556
20.55,0.024055556
20.557,0.020055556
20.564,0.019055556
20.571,0.018055556
20.578,0.017055556
20.585,0.019055556
20.592,0.020055556
20.599,0.020055556
20.606,0.021055556
20.613,0.019055556
20.62,0.017055556
20.627,0.016055556
20.634,0.015055556
20.641,0.016055556
20.648,0.018055556
20.655,0.020055556
20.662,0.019055556
20.669,0.018055556
20.676,0.017055556
20.683,0.016055556
20.69,0.017055556
20.697,0.019055556
20.704,0.019055556
20.711,0.018055556
20.718,0.017055556
20.725,0.019055556
20.732,0.018055556
20.739,0.016055556
20.746,0.015055556
20.753,0.014055556
20.76,0.014055556
20.767,0.013055556
20.775,0.010055556
20.782,0.011055556
20.789,0.013055556
20.796,0.010055556
20.803,0.013055556
20.81,0.016055556
20.817,0.016055556
20.824,0.012055556
20.831,0.009055556
20.838,0.008055556
20.845,0.006055556
20.852,0.007055556
20.859,0.008055556
20.866,0.007055556
20.873,0.006055556
20.88,0.006055556
20.887,0.007055556
20.894,0.008055556
20.901,0.009055556
20.908,0.010055556
20.915,0.012055556
20.922,0.012055556
20.929,0.012055556
20.936,0.010055556
20.943,0.009055556
20.95,0.009055556
20.957,0.012055556
20.964,0.008055556
20.971,0.006055556
20.978,0.005055556
20.985,0.004055556
20.992,0.007055556
20.999,0.010055556
21.006,0.012055556
21.013,0.012055556
21.02,0.011055556
21.027,0.008055556
21.034,0.007055556
21.041,0.008055556
21.048,0.010055556
21.055,0.012055556
21.062,0.014055556
21.069,0.014055556
21.076,0.012055556
21.083,0.012055556
21.09,0.012055556
21.097,0.013055556
21.104,0.017055556
21.111,0.018055556
21.118,0.019055556
21.125,0.021055556
21.132,0.026055556
21.139,0.029055556
21.146,0.031055556
21.153,0.032055556
21.16,0.033055556
21.167,0.034055556
21.174,0.037055556
21.181,0.042055556
21.189,0.048055556
21.196,0.051055556
21.203,0.055055556
21.21,0.059055556
21.217,0.065055556
21.224,0.070055556
21.231,0.074055556
21.238,0.079055556
21.245,0.093055556
21.252,0.101055556
21.259,0.109055556
21.266,0.125055556
21.273,0.136055556
21.28,0.147055556
21.287,0.159055556
21.294,0.180055556
21.301,0.195055556
21.308,0.204055556
21.315,0.219055556
21.322,0.246055556
21.329,0.275055556
21.336,0.295055556
21.343,0.315055556
21.35,0.345055556
21.357,0.386055556
21.364,0.406055556
21.371,0.447055556
21.378,0.497055556
21.385,0.523055556
21.392,0.552055556
21.399,0.591055556
21.406,0.652055556
21.413,0.688055556
21.42,0.720055556
21.427,0.751055556
21.434,0.810055556
21.441,0.859055556
21.448,0.899055556
21.455,0.939055556
21.462,1.002055556
21.469,1.062055556
21.476,1.097055556
21.483,1.180055556
21.49,1.243055556
21.497,1.278055556
21.504,1.323055556
21.511,1.390055556
21.518,1.463055556
21.525,1.505055556
21.532,1.539055556
21.539,1.586055556
21.546,1.662055556
21.553,1.707055556
21.56,1.749055556
21.567,1.791055556
21.574,1.850055556
21.581,1.896055556
21.588,1.940055556
21.596,2.007055556
21.603,2.039055556
21.61,2.066055556
21.617,2.098055556
21.624,2.151055556
21.631,2.189055556
21.638,2.213055556
21.645,2.233055556
21.652,2.272055556
21.659,2.311055556
21.666,2.327055556
21.673,2.344055556
21.68,2.365055556
21.687,2.389055556
21.694,2.402055556
21.701,2.418055556
21.708,2.433055556
21.715,2.435055556
21.722,2.439055556
21.729,2.442055556
21.736,2.444055556
21.743,2.443055556
21.75,2.441055556
21.757,2.438055556
21.764,2.422055556
21.771,2.411055556
21.778,2.404055556
21.785,2.392055556
21.792,2.371055556
21.799,2.350055556
21.806,2.336055556
21.813,2.303055556
21.82,2.275055556
21.827,2.255055556
21.834,2.232055556
21.841,2.195055556
21.848,2.155055556
21.855,2.129055556
21.862,2.107055556
21.869,2.074055556
21.876,2.019055556
21.883,1.989055556
21.89,1.958055556
21.897,1.921055556
21.904,1.860055556
21.911,1.817055556
21.918,1.779055556
21.925,1.714055556
21.932,1.669055556
21.939,1.633055556
21.946,1.603055556
21.953,1.545055556
21.96,1.495055556
21.967,1.457055556
21.974,1.422055556
21.981,1.362055556
21.988,1.298055556
21.995,1.268055556
22.003,1.232055556
22.01,1.189055556
22.017,1.137055556
22.024,1.103055556
22.031,1.055055556
22.038,0.996055556
22.045,0.964055556
22.052,0.936055556
22.059,0.903055556
22.066,0.849055556
22.073,0.813055556
22.08,0.783055556
22.087,0.756055556
22.094,0.705055556
22.101,0.671055556
22.108,0.651055556
22.115,0.625055556
22.122,0.588055556
22.129,0.552055556
22.136,0.531055556
22.143,0.504055556
22.15,0.481055556
22.157,0.463055556
22.164,0.446055556
22.171,0.419055556
22.178,0.387055556
22.185,0.372055556
22.192,0.356055556
22.199,0.337055556
22.206,0.311055556
22.213,0.295055556
22.22,0.282055556
22.227,0.273055556
22.234,0.250055556
22.241,0.237055556
22.248,0.228055556
22.255,0.207055556
22.262,0.194055556
22.269,0.185055556
22.276,0.178055556
22.283,0.162055556
22.29,0.150055556
22.297,0.143055556
22.304,0.141055556
22.311,0.135055556
22.318,0.127055556
22.325,0.120055556
22.332,0.114055556
22.339,0.107055556
22.346,0.099055556
22.353,0.093055556
22.36,0.087055556
22.367,0.081055556
22.374,0.074055556
22.381,0.073055556
22.388,0.072055556
22.395,0.065055556
22.402,0.061055556
22.409,0.057055556
22.417,0.054055556
22.424,0.048055556
22.431,0.043055556
22.438,0.039055556
22.445,0.037055556
22.452,0.036055556
22.459,0.035055556
22.466,0.033055556
22.473,0.028055556
22.48,0.024055556
22.487,0.022055556
22.494,0.019055556
22.501,0.016055556
22.508,0.015055556
22.515,0.013055556
22.522,0.013055556
22.529,0.013055556
22.536,0.011055556
22.543,0.008055556
22.55,0.006055556
22.557,0.005055556
22.564,0.006055556
22.571,0.007055556
22.578,0.007055556
22.585,0.002055556
22.592,5.56E-05
22.599,5.56E-05
22.606,5.56E-05
22.613,0.002055556
22.62,0.003055556
22.627,0.002055556
22.634,0.001055556
22.641,5.56E-05
22.648,-0.001944444
22.655,5.56E-05
22.662,0.001055556
22.669,5.56E-05
22.676,-0.001944444
22.683,-0.004944444
22.69,-0.005944444
22.697,-0.005944444
22.704,-0.005944444
22.711,-0.005944444
22.718,-0.006944444
22.725,-0.007944444
22.732,-0.009944444
22.739,-0.010944444
22.746,-0.011944444
22.753,-0.008944444
22.76,-0.005944444
22.767,-0.002944444
22.774,-0.001944444
22.781,-0.002944444
22.788,-0.004944444
22.795,-0.006944444
22.802,-0.006944444
22.809,-0.006944444
22.816,-0.005944444
22.824,-0.005944444
22.831,-0.008944444
22.838,-0.012944444
22.845,-0.011944444
22.852,-0.011944444
22.859,-0.011944444
22.866,-0.009944444
22.873,-0.010944444
22.88,-0.012944444
22.887,-0.013944444
22.894,-0.014944444
22.901,-0.013944444
22.908,-0.010944444
22.915,-0.008944444
22.922,-0.009944444
22.929,-0.012944444
22.936,-0.014944444
22.943,-0.013944444
22.95,-0.013944444
22.957,-0.014944444
22.964,-0.014944444
22.971,-0.014944444
22.978,-0.015944444
22.985,-0.016944444
22.992,-0.015944444
22.999,-0.014944444
23.006,-0.014944444
23.013,-0.012944444
23.02,-0.009944444
23.027,-0.006944444
23.034,-0.006944444
23.041,-0.006944444
23.048,-0.007944444
23.055,-0.007944444
23.062,-0.008944444
23.069,-0.009944444
23.076,-0.010944444
23.083,-0.010944444
23.09,-0.010944444
23.097,-0.009944444
23.104,-0.010944444
23.111,-0.007944444
23.118,-0.001944444
23.125,-0.003944444
23.132,-0.003944444
23.139,-0.004944444
23.146,-0.008944444
23.153,-0.009944444
23.16,-0.009944444
23.167,-0.010944444
23.174,-0.009944444
23.181,-0.007944444
23.188,-0.006944444
23.195,-0.008944444
23.202,-0.008944444
23.209,-0.008944444
23.216,-0.007944444
23.223,-0.005944444
23.231,-0.006944444
23.238,-0.009944444
23.245,-0.009944444
23.252,-0.009944444
23.259,-0.007944444
23.266,-0.005944444
23.273,-0.005944444
23.28,-0.005944444
23.287,-0.005944444
23.294,-0.006944444
23.301,-0.008944444
23.308,-0.010944444
23.315,-0.011944444
23.322,-0.011944444
23.329,-0.012944444
23.336,-0.012944444
23.343,-0.012944444
23.35,-0.012944444
23.357,-0.011944444
23.364,-0.012944444
23.371,-0.013944444
23.378,-0.013944444
23.385,-0.009944444
23.392,-0.009944444
23.399,-0.011944444
23.406,-0.013944444
23.413,-0.017944444
23.42,-0.020944444
23.427,-0.020944444
23.434,-0.019944444
23.441,-0.018944444
23.448,-0.016944444
23.455,-0.015944444
23.462,-0.014944444
23.469,-0.013944444
23.476,-0.014944444
23.483,-0.016944444
23.49,-0.017944444
23.497,-0.016944444
23.504,-0.020944444
23.511,-0.021944444
23.518,-0.022944444
23.525,-0.023944444
23.532,-0.024944444
23.539,-0.025944444
23.546,-0.027944444
23.553,-0.025944444
23.56,-0.024944444
23.567,-0.023944444
23.574,-0.024944444
23.581,-0.025944444
23.588,-0.025944444
23.595,-0.023944444
23.602,-0.026944444
23.609,-0.030944444
23.616,-0.032944444
23.623,-0.030944444
23.63,-0.029944444
23.638,-0.028944444
23.645,-0.030944444
23.652,-0.032944444
23.659,-0.034944444
23.666,-0.035944444
23.673,-0.034944444
23.68,-0.032944444
23.687,-0.030944444
23.694,-0.031944444
23.701,-0.032944444
23.708,-0.031944444
23.715,-0.035944444
23.722,-0.038944444
23.729,-0.040944444
23.736,-0.041944444
23.743,-0.042944444
23.75,-0.041944444
23.757,-0.036944444
23.764,-0.034944444
23.771,-0.034944444
23.778,-0.036944444
23.785,-0.038944444
23.792,-0.038944444
23.799,-0.036944444
23.806,-0.037944444
23.813,-0.036944444
23.82,-0.037944444
23.827,-0.038944444
23.834,-0.037944444
23.841,-0.037944444
23.848,-0.038944444
23.855,-0.036944444
23.862,-0.036944444
23.869,-0.036944444
23.876,-0.036944444
23.883,-0.039944444
23.89,-0.041944444
23.897,-0.041944444
23.904,-0.039944444
23.911,-0.038944444
23.918,-0.037944444
23.925,-0.036944444
23.932,-0.039944444
23.939,-0.042944444
23.946,-0.042944444
23.953,-0.043944444
23.96,-0.042944444
23.967,-0.041944444
23.974,-0.040944444
23.981,-0.040944444
23.988,-0.039944444
23.995,-0.041944444
24.002,-0.042944444
24.009,-0.042944444
24.016,-0.041944444
24.023,-0.042944444
24.03,-0.041944444
24.037,-0.040944444
24.044,-0.038944444
24.052,-0.036944444
24.059,-0.034944444
24.066,-0.035944444
24.073,-0.038944444
24.08,-0.041944444
24.087,-0.042944444
24.094,-0.043944444
24.101,-0.043944444
24.108,-0.040944444
24.115,-0.041944444
24.122,-0.044944444
24.129,-0.046944444
24.136,-0.044944444
24.143,-0.042944444
24.15,-0.040944444
24.157,-0.039944444
24.164,-0.038944444
24.171,-0.036944444
24.178,-0.034944444
24.185,-0.034944444
24.192,-0.034944444
24.199,-0.034944444
24.206,-0.036944444
24.213,-0.037944444
24.22,-0.037944444
24.227,-0.037944444
24.234,-0.038944444
24.241,-0.038944444
24.248,-0.036944444
24.255,-0.033944444
24.262,-0.035944444
24.269,-0.037944444
24.276,-0.037944444
24.283,-0.036944444
24.29,-0.035944444
24.297,-0.034944444
24.304,-0.034944444
24.311,-0.033944444
24.318,-0.030944444
24.325,-0.028944444
24.332,-0.029944444
24.339,-0.031944444
24.346,-0.030944444
24.353,-0.031944444
24.36,-0.033944444
24.367,-0.036944444
24.374,-0.035944444
24.381,-0.033944444
24.388,-0.032944444
24.395,-0.032944444
24.402,-0.031944444
24.409,-0.032944444
24.416,-0.034944444
24.423,-0.036944444
24.43,-0.036944444
24.437,-0.033944444
24.444,-0.032944444
24.451,-0.032944444
24.459,-0.030944444
24.466,-0.028944444
24.473,-0.026944444
24.48,-0.025944444
24.487,-0.025944444
24.494,-0.024944444
24.501,-0.023944444
24.508,-0.022944444
24.515,-0.027944444
24.522,-0.029944444
24.529,-0.029944444
24.536,-0.027944444
24.543,-0.025944444
24.55,-0.024944444
24.557,-0.024944444
24.564,-0.022944444
24.571,-0.021944444
24.578,-0.021944444
24.585,-0.022944444
24.592,-0.023944444
24.599,-0.025944444
24.606,-0.026944444
24.613,-0.024944444
24.62,-0.022944444
24.627,-0.021944444
24.634,-0.021944444
24.641,-0.020944444
24.648,-0.019944444
24.655,-0.016944444
24.662,-0.015944444
24.669,-0.015944444
24.676,-0.013944444
24.683,-0.014944444
24.69,-0.014944444
24.697,-0.014944444
24.704,-0.016944444
24.711,-0.017944444
24.718,-0.016944444
24.725,-0.014944444
24.732,-0.009944444
24.739,-0.006944444
24.746,-0.007944444
24.753,-0.008944444
24.76,-0.009944444
24.767,-0.009944444
24.774,-0.010944444
24.781,-0.011944444
24.788,-0.011944444
24.795,-0.008944444
24.802,-0.007944444
24.809,-0.006944444
24.816,-0.002944444
24.823,-0.003944444
24.83,-0.004944444
24.837,-0.005944444
24.844,-0.004944444
24.851,-0.004944444
24.858,-0.003944444
24.866,-0.002944444
24.873,-0.006944444
24.88,-0.009944444
24.887,-0.009944444
24.894,-0.004944444
24.901,-0.002944444
24.908,-0.003944444
24.915,-0.001944444
24.922,-0.001944444
24.929,-0.001944444
24.936,5.56E-05
24.943,0.001055556
24.95,5.56E-05
24.957,-0.002944444
24.964,-0.003944444
24.971,-0.003944444
24.978,-0.004944444
24.985,-0.003944444
24.992,-0.003944444
24.999,-0.002944444
25.006,-0.004944444
25.013,-0.006944444
25.02,-0.009944444