0,0
0.007568,-0.001208
0.015136,-0.000301
0.022705,0.000725
0.030273,0.001828
0.037857,0.001761
0.045425,0.000747
0.052993,-0.004978
0.060562,-0.009249
0.068145,-0.012497
0.075714,-0.010759
0.083282,-0.006927
0.09085,-0.003187
0.098434,0.000496
0.106002,0.001811
0.113571,-0.000666
0.121139,-0.004944
0.128723,-0.010197
0.136291,-0.012968
0.14386,-0.010256
0.151428,-0.008387
0.158996,-0.005874
0.16658,-0.002107
0.174148,-0.004061
0.181717,-0.009913
0.189285,-0.013022
0.196869,-0.016023
0.204437,-0.011777
0.212005,-0.002235
0.219574,-0.001479
0.227157,-0.001767
0.234726,0.00176
0.242294,0.015427
0.249862,0.047047
0.257446,0.081522
0.265014,0.108151
0.272583,0.118625
0.280151,0.111046
0.287719,0.097472
0.295303,0.087443
0.302871,0.072757
0.31044,0.058936
0.318008,0.049011
0.325592,0.041804
0.33316,0.037602
0.340728,0.034037
0.348297,0.030281
0.35588,0.02617
0.363449,0.022162
0.371017,0.019703
0.378585,0.024538
0.386169,0.02253
0.393737,0.021856
0.401306,0.022491
0.408874,0.017924
0.416443,0.017822
0.424026,0.016294
0.431594,0.013778
0.439163,0.011347
0.446731,0.008826
0.454315,0.005615
0.461883,0.003481
0.469452,0.002288
0.47702,-0.000153
0.484604,-0.002442
0.492172,-0.004623
0.49974,-0.007233
0.507309,-0.006531
0.514892,-0.006725
0.522461,-0.007074
0.530029,-0.006101
0.537597,-0.005155
0.545166,-0.008239
0.552749,-0.011878
0.560318,-0.01279
0.567886,-0.012625
0.575454,-0.010967
0.583038,-0.009119
0.590606,-0.013469
0.598175,-0.013086
0.605743,-0.018004
0.613327,-0.022491
0.620895,-0.02649
0.628463,-0.030336
0.636032,-0.030449
0.643615,-0.025547
0.651184,-0.022286
0.658752,-0.018045
0.66632,-0.01553
0.673889,-0.017316
0.681472,-0.02089
0.689041,-0.023753
0.696609,-0.02602
0.704177,-0.027638
0.711761,-0.028649
0.719329,-0.029581
0.726898,-0.033334
0.734466,-0.036696
0.74205,-0.040935
0.749618,-0.04437
0.757187,-0.044153
0.764755,-0.037527
0.772339,-0.035505
0.779907,-0.038568
0.787475,-0.042354
0.795044,-0.044665
0.802612,-0.045533
0.810196,-0.048067
0.817764,-0.04934
0.825332,-0.05342
0.832901,-0.055226
0.840484,-0.054757
0.848053,-0.05901
0.855621,-0.067617
0.863189,-0.073046
0.870773,-0.073551
0.878341,-0.072051
0.88591,-0.071786
0.893478,-0.074456
0.901062,-0.079403
0.90863,-0.079163
0.916198,-0.07694
0.923767,-0.077946
0.931335,-0.081938
0.938919,-0.081967
0.946487,-0.087391
0.954055,-0.085707
0.961624,-0.083001
0.969207,-0.083538
0.976776,-0.082794
0.984344,-0.086288
0.991912,-0.090569
0.999496,-0.094557
1.007064,-0.098437
1.014633,-0.102291
1.022201,-0.101528
1.029785,-0.099698
1.037353,-0.098743
1.044922,-0.100372
1.05249,-0.104334
1.060058,-0.106744
1.067642,-0.10715
1.07521,-0.108257
1.082779,-0.109357
1.090347,-0.110083
1.097931,-0.110221
1.105499,-0.109146
1.113067,-0.104454
1.120636,-0.102227
1.128219,-0.100193
1.135788,-0.099278
1.143356,-0.104504
1.150924,-0.104424
1.158508,-0.106475
1.166076,-0.106268
1.173645,-0.10368
1.181213,-0.101011
1.188781,-0.101823
1.196365,-0.101266
1.203933,-0.100855
1.211502,-0.099708
1.21907,-0.099749
1.226654,-0.101405
1.234222,-0.099186
1.24179,-0.101629
1.249359,-0.101542
1.256942,-0.099964
1.264511,-0.104699
1.272079,-0.101046
1.279647,-0.105853
1.287231,-0.109048
1.294799,-0.113454
1.302368,-0.117157
1.309936,-0.113076
1.317505,-0.11382
1.325088,-0.113602
1.332657,-0.112202
1.340225,-0.112434
1.347793,-0.1156
1.355377,-0.112572
1.362945,-0.112616
1.370514,-0.111816
1.378082,-0.115094
1.385666,-0.12044
1.393234,-0.118685
1.400802,-0.121848
1.408371,-0.119109
1.415954,-0.121699
1.423523,-0.122903
1.431091,-0.117801
1.438659,-0.12331
1.446228,-0.125612
1.453811,-0.132047
1.46138,-0.134505
1.468948,-0.132219
1.476516,-0.130318
1.4841,-0.134771
1.491668,-0.14082
1.499237,-0.14555
1.506805,-0.149254
1.514389,-0.152015
1.521957,-0.152226
1.529525,-0.152722
1.537094,-0.153286
1.544677,-0.152859
1.552246,-0.150039
1.559814,-0.154364
1.567382,-0.148924
1.574951,-0.149781
1.582534,-0.152602
1.590103,-0.156238
1.597671,-0.165639
1.60524,-0.168501
1.612823,-0.171955
1.620391,-0.175728
1.62796,-0.179659
1.635528,-0.183337
1.643112,-0.184217
1.65068,-0.181516
1.658249,-0.18275
1.665817,-0.18629
1.673401,-0.189374
1.680969,-0.190814
1.688537,-0.189664
1.696106,-0.189385
1.703674,-0.191249
1.711258,-0.194397
1.718826,-0.196856
1.726394,-0.197997
1.733963,-0.19649
1.741546,-0.196859
1.749115,-0.197403
1.756683,-0.199193
1.764251,-0.207015
1.771835,-0.210978
1.779403,-0.219089
1.786972,-0.221556
1.79454,-0.220674
1.802124,-0.219996
1.809692,-0.215645
1.81726,-0.215537
1.824829,-0.217719
1.832397,-0.221626
1.839981,-0.228626
1.847549,-0.232462
1.855117,-0.235188
1.862686,-0.234128
1.870269,-0.233535
1.877838,-0.235752
1.885406,-0.234987
1.892974,-0.234659
1.900558,-0.234837
1.908126,-0.233152
1.915695,-0.230082
1.923263,-0.229674
1.930847,-0.225189
1.938415,-0.225124
1.945984,-0.223933
1.953552,-0.223411
1.96112,-0.226975
1.968704,-0.225387
1.976272,-0.225586
1.983841,-0.227309
1.991409,-0.228254
1.998993,-0.22908
2.006561,-0.232693
2.014129,-0.228411
2.021698,-0.233453
2.029281,-0.237682
2.03685,-0.242352
2.044418,-0.248729
2.051986,-0.250398
2.05957,-0.250683
2.067138,-0.245797
2.074707,-0.24483
2.082275,-0.247949
2.089843,-0.25057
2.097427,-0.254179
2.104995,-0.256247
2.112564,-0.256004
2.120132,-0.254358
2.127716,-0.256509
2.135284,-0.253916
2.142852,-0.255956
2.150421,-0.257558
2.158004,-0.258479
2.165573,-0.261218
2.173141,-0.259306
2.180709,-0.257577
2.188293,-0.256893
2.195861,-0.256909
2.20343,-0.258182
2.210998,-0.265302
2.218567,-0.264428
2.22615,-0.262442
2.233719,-0.262222
2.241287,-0.262952
2.248855,-0.258544
2.256439,-0.257141
2.264007,-0.254364
2.271576,-0.252417
2.279144,-0.251911
2.286728,-0.25274
2.294296,-0.256832
2.301864,-0.263155
2.309433,-0.265383
2.317016,-0.264263
2.324585,-0.261151
2.332153,-0.256363
2.339721,-0.257474
2.34729,-0.256221
2.354873,-0.258482
2.362442,-0.260605
2.37001,-0.257334
2.377578,-0.257768
2.385162,-0.256568
2.39273,-0.255663
2.400299,-0.256865
2.407867,-0.258535
2.415451,-0.261326
2.423019,-0.260473
2.430587,-0.257356
2.438156,-0.254948
2.445739,-0.255667
2.453308,-0.256143
2.460876,-0.260089
2.468444,-0.262168
2.476013,-0.261531
2.483596,-0.259535
2.491165,-0.259243
2.498733,-0.261036
2.506302,-0.260432
2.513885,-0.259273
2.521454,-0.256947
2.529022,-0.24977
2.53659,-0.250717
2.544174,-0.250869
2.551742,-0.254399
2.559311,-0.256993
2.566879,-0.254797
2.574463,-0.254299
2.582031,-0.251787
2.589599,-0.253016
2.597168,-0.252302
2.604736,-0.249332
2.61232,-0.24897
2.619888,-0.245397
2.627456,-0.247015
2.635025,-0.249374
2.642608,-0.25027
2.650177,-0.249072
2.657745,-0.246882
2.665313,-0.246385
2.672897,-0.246812
2.680465,-0.248343
2.688034,-0.252234
2.695602,-0.252527
2.703186,-0.251557
2.710754,-0.251941
2.718322,-0.251976
2.725891,-0.24982
2.733459,-0.247799
2.741043,-0.245274
2.748611,-0.240402
2.756179,-0.23753
2.763748,-0.238334
2.771331,-0.237506
2.7789,-0.2433
2.786468,-0.244159
2.794037,-0.244308
2.80162,-0.245177
2.809188,-0.245683
2.816757,-0.2452
2.824325,-0.239478
2.831909,-0.236189
2.839477,-0.236874
2.847046,-0.240213
2.854614,-0.24329
2.862182,-0.24799
2.869766,-0.251147
2.877334,-0.252131
2.884903,-0.250979
2.892471,-0.248131
2.900055,-0.24424
2.907623,-0.24218
2.915191,-0.242474
2.92276,-0.243528
2.930343,-0.243962
2.937912,-0.243903
2.94548,-0.241061
2.953048,-0.23679
2.960632,-0.23295
2.9682,-0.235915
2.975769,-0.239569
2.983337,-0.242872
2.990905,-0.244193
2.998489,-0.242988
3.006057,-0.241414
3.013626,-0.246383
3.021194,-0.245656
3.028778,-0.249309
3.036346,-0.25104
3.043914,-0.248304
3.051483,-0.248851
3.059066,-0.248119
3.066635,-0.252169
3.074203,-0.254244
3.081771,-0.252817
3.089355,-0.25069
3.096923,-0.248643
3.104492,-0.253257
3.11206,-0.258792
3.119629,-0.261711
3.127212,-0.260579
3.134781,-0.257058
3.142349,-0.253387
3.149917,-0.252652
3.157501,-0.253694
3.165069,-0.256137
3.172638,-0.259832
3.180206,-0.260577
3.18779,-0.258544
3.195358,-0.257324
3.202926,-0.257415
3.210495,-0.258646
3.218078,-0.260732
3.225647,-0.264534
3.233215,-0.26702
3.240783,-0.269608
3.248352,-0.277081
3.255935,-0.279101
3.263504,-0.279622
3.271072,-0.279797
3.27864,-0.278692
3.286224,-0.276372
3.293792,-0.276963
3.301361,-0.277658
3.308929,-0.278914
3.316513,-0.279737
3.324081,-0.278717
3.331649,-0.27474
3.339218,-0.2748
3.346801,-0.271647
3.35437,-0.270589
3.361938,-0.273306
3.369506,-0.278586
3.377075,-0.279034
3.384658,-0.281645
3.392227,-0.283653
3.399795,-0.287308
3.407364,-0.293373
3.414947,-0.294907
3.422516,-0.293412
3.430084,-0.2932
3.437652,-0.294566
3.445236,-0.296606
3.452804,-0.297542
3.460373,-0.295276
3.467941,-0.293017
3.475525,-0.290059
3.483093,-0.289381
3.490661,-0.291072
3.49823,-0.289045
3.505798,-0.293333
3.513382,-0.296037
3.52095,-0.298252
3.528518,-0.302332
3.536087,-0.303727
3.54367,-0.30601
3.551239,-0.308293
3.558807,-0.307978
3.566375,-0.306045
3.573959,-0.307118
3.581527,-0.308391
3.589096,-0.308544
3.596664,-0.308842
3.604248,-0.309088
3.611816,-0.308102
3.619384,-0.315256
3.626953,-0.311584
3.634521,-0.309324
3.642105,-0.307399
3.649673,-0.302467
3.657241,-0.307345
3.66481,-0.312768
3.672393,-0.314099
3.679962,-0.311525
3.68753,-0.308442
3.695099,-0.311031
3.702682,-0.314427
3.71025,-0.315834
3.717819,-0.317681
3.725387,-0.319916
3.732956,-0.321385
3.740539,-0.321102
3.748108,-0.320371
3.755676,-0.317635
3.763244,-0.318374
3.770828,-0.323073
3.778396,-0.328125
3.785965,-0.333657
3.793533,-0.337712
3.801117,-0.337796
3.808685,-0.332496
3.816253,-0.330113
3.823822,-0.325917
3.831405,-0.323679
3.838974,-0.322404
3.846542,-0.320608
3.85411,-0.317905
3.861679,-0.321104
3.869262,-0.325102
3.876831,-0.329916
3.884399,-0.334147
3.891967,-0.335363
3.899551,-0.333065
3.907119,-0.331415
3.914688,-0.330617
3.922256,-0.330108
3.92984,-0.32983
3.937408,-0.33198
3.944976,-0.339046
3.952545,-0.338408
3.960128,-0.33543
3.967697,-0.331747
3.975265,-0.323842
3.982834,-0.324356
3.990402,-0.328578
3.997985,-0.330804
4.005554,-0.330143
4.013122,-0.327804
4.020691,-0.325828
4.028274,-0.325498
4.035843,-0.326846
4.043411,-0.330541
4.050979,-0.335717
4.058563,-0.340822
4.066131,-0.34647
4.0737,-0.344854
4.081268,-0.343636
4.088852,-0.343922
4.09642,-0.341691
4.103988,-0.345171
4.111557,-0.344776
4.119125,-0.34226
4.126709,-0.339662
4.134277,-0.337213
4.141845,-0.336355
4.149414,-0.343344
4.156997,-0.347873
4.164566,-0.348438
4.172134,-0.34603
4.179702,-0.342655
4.187286,-0.344
4.194854,-0.345695
4.202423,-0.347309
4.209991,-0.347895
4.217575,-0.346263
4.225143,-0.35128
4.232711,-0.352653
4.24028,-0.351476
4.247848,-0.350955
4.255432,-0.352972
4.263,-0.349184
4.270568,-0.34694
4.278137,-0.344067
4.28572,-0.342644
4.293289,-0.343053
4.300857,-0.343679
4.308426,-0.343854
4.316009,-0.346309
4.323578,-0.347792
4.331146,-0.350261
4.338714,-0.353575
4.346298,-0.352137
4.353866,-0.352317
4.361435,-0.349169
4.369003,-0.345539
4.376571,-0.34472
4.384155,-0.344623
4.391723,-0.347158
4.399292,-0.35271
4.40686,-0.357595
4.414444,-0.360017
4.422012,-0.362549
4.42958,-0.357781
4.437149,-0.358073
4.444732,-0.358924
4.452301,-0.35875
4.459869,-0.359632
4.467437,-0.356892
4.475021,-0.349702
4.482589,-0.344851
4.490158,-0.342413
4.497726,-0.341878
4.505294,-0.344815
4.512878,-0.349728
4.520446,-0.352365
4.528015,-0.352299
4.535583,-0.350926
4.543167,-0.351522
4.550735,-0.350839
4.558303,-0.352127
4.565872,-0.352518
4.573455,-0.350256
4.581024,-0.34562
4.588592,-0.345163
4.596161,-0.350109
4.603744,-0.354308
4.611313,-0.357226
4.618881,-0.357849
4.626449,-0.354524
4.634018,-0.35514
4.641601,-0.356971
4.64917,-0.357625
4.656738,-0.357026
4.664306,-0.359051
4.67189,-0.356838
4.679458,-0.359363
4.687027,-0.36173
4.694595,-0.362687
4.702179,-0.363981
4.709747,-0.361202
4.717315,-0.365027
4.724884,-0.366423
4.732467,-0.365393
4.740036,-0.363167
4.747604,-0.358011
4.755172,-0.359854
4.762741,-0.361225
4.770324,-0.362606
4.777893,-0.363442
4.785461,-0.362009
4.793029,-0.364278
4.800613,-0.368931
4.808181,-0.370788
4.81575,-0.36926
4.823318,-0.365429
4.830902,-0.358927
4.83847,-0.360066
4.846038,-0.359075
4.853607,-0.359513
4.86119,-0.361515
4.868759,-0.362526
4.876327,-0.36359
4.883896,-0.363923
4.891464,-0.36444
4.899047,-0.367792
4.906616,-0.372223
4.914184,-0.372174
4.921753,-0.376099
4.929336,-0.372526
4.936905,-0.367092
4.944473,-0.363627
4.952041,-0.362943
4.959625,-0.365988
4.967193,-0.369807
4.974762,-0.372799
4.98233,-0.375005
4.989914,-0.377473
4.997482,-0.380311
5.00505,-0.38048
5.012619,-0.380689
5.020187,-0.380823
5.027771,-0.378811
5.035339,-0.376988
5.042907,-0.374249
5.050476,-0.375413
5.058059,-0.377741
5.065628,-0.378869
5.073196,-0.378821
5.080764,-0.373649
5.088348,-0.372171
5.095916,-0.37512
5.103485,-0.378775
5.111053,-0.379238
5.118637,-0.383859
5.126205,-0.38136
5.133773,-0.378767
5.141342,-0.376355
5.14891,-0.373536
5.156494,-0.370208
5.164062,-0.36999
5.171631,-0.370386
5.179199,-0.370759
5.186782,-0.371921
5.194351,-0.373646
5.201919,-0.372783
5.209488,-0.373557
5.217071,-0.373943
5.22464,-0.374688
5.232208,-0.37705
5.239776,-0.377667
5.24736,-0.378261
5.254928,-0.375768
5.262497,-0.373067
5.270065,-0.373017
5.277633,-0.376833
5.285217,-0.382379
5.292785,-0.38555
5.300354,-0.387934
5.307922,-0.387649
5.315506,-0.383686
5.323074,-0.387287
5.330642,-0.385262
5.338211,-0.382835
5.345794,-0.378519
5.353363,-0.373853
5.360931,-0.374817
5.368499,-0.378781
5.376083,-0.384559
5.383651,-0.38993
5.39122,-0.391666
5.398788,-0.388543
5.406356,-0.38612
5.41394,-0.378953
5.421508,-0.376265
5.429077,-0.376091
5.436645,-0.376848
5.444229,-0.377948
5.451797,-0.379133
5.459365,-0.380541
5.466934,-0.383131
5.474517,-0.38481
5.482086,-0.384701
5.489654,-0.383806
5.497223,-0.382159
5.504806,-0.384521
5.512375,-0.388392
5.519943,-0.388771
5.527511,-0.386657
5.53508,-0.383538
5.542663,-0.386159
5.550232,-0.388664
5.5578,-0.388776
5.565368,-0.388975
5.572952,-0.387257
5.58052,-0.385545
5.588089,-0.386989
5.595657,-0.390108
5.603241,-0.391858
5.610809,-0.392573
5.618377,-0.391716
5.625946,-0.39002
5.633529,-0.389361
5.641098,-0.390242
5.648666,-0.3915
5.656234,-0.394571
5.663803,-0.395312
5.671386,-0.39372
5.678955,-0.391142
5.686523,-0.388536
5.694091,-0.384395
5.701675,-0.384692
5.709243,-0.385932
5.716812,-0.385375
5.72438,-0.38471
5.731964,-0.386863
5.739532,-0.385754
5.7471,-0.390064
5.754669,-0.391252
5.762252,-0.392612
5.769821,-0.393478
5.777389,-0.388961
5.784958,-0.385993
5.792526,-0.385008
5.80011,-0.384889
5.807678,-0.384667
5.815246,-0.387592
5.822815,-0.38406
5.830398,-0.384416
5.837967,-0.382988
5.845535,-0.381468
5.853103,-0.382313
5.860687,-0.37894
5.868255,-0.383426
5.875824,-0.385209
5.883392,-0.388381
5.890976,-0.393531
5.898544,-0.390262
5.906112,-0.387803
5.913681,-0.382975
5.921249,-0.380713
5.928833,-0.383626
5.936401,-0.391238
5.943969,-0.3968
5.951538,-0.397275
5.959121,-0.397304
5.96669,-0.398429
5.974258,-0.399822
5.981826,-0.399416
5.98941,-0.395646
5.996978,-0.393329
6.004547,-0.390313
6.012115,-0.389395
6.019699,-0.390563
6.027267,-0.390159
6.034835,-0.387383
6.042404,-0.38671
6.049972,-0.387657
6.057556,-0.390633
6.065124,-0.395103
6.072693,-0.388436
6.080261,-0.38865
6.087844,-0.389362
6.095413,-0.390098
6.102981,-0.397076
6.11055,-0.400575
6.118133,-0.39896
6.125702,-0.397242
6.13327,-0.396127
6.140838,-0.396201
6.148422,-0.398402
6.15599,-0.400279
6.163559,-0.399764
6.171127,-0.399004
6.178695,-0.396453
6.186279,-0.392087
6.193847,-0.392888
6.201416,-0.397141
6.208984,-0.402052
6.216568,-0.405312
6.224136,-0.406283
6.231704,-0.406013
6.239273,-0.403278
6.246856,-0.401583
6.254425,-0.403264
6.261993,-0.407766
6.269561,-0.41248
6.277145,-0.412632
6.284713,-0.410015
6.292282,-0.406565
6.29985,-0.406372
6.307418,-0.408509
6.315002,-0.410397
6.32257,-0.411332
6.330139,-0.409729
6.337707,-0.408488
6.345291,-0.40652
6.352859,-0.404071
6.360427,-0.403178
6.367996,-0.402139
6.375579,-0.401352
6.383148,-0.402517
6.390716,-0.405841
6.398285,-0.409138
6.405868,-0.411363
6.413437,-0.408962
6.421005,-0.407223
6.428573,-0.406783
6.436142,-0.407669
6.443725,-0.410376
6.451294,-0.413377
6.458862,-0.413732
6.46643,-0.413193
6.474014,-0.412475
6.481582,-0.411484
6.489151,-0.409581
6.496719,-0.407653
6.504303,-0.407377
6.511871,-0.407592
6.519439,-0.409037
6.527008,-0.414103
6.534591,-0.415255
6.54216,-0.415668
6.549728,-0.415787
6.557296,-0.414634
6.564865,-0.412569
6.572448,-0.411841
6.580017,-0.408245
6.587585,-0.409839
6.595153,-0.409659
6.602737,-0.41046
6.610305,-0.413746
6.617874,-0.415402
6.625442,-0.42044
6.633026,-0.421822
6.640594,-0.420622
6.648162,-0.41739
6.655731,-0.413307
6.663314,-0.412867
6.670883,-0.417451
6.678451,-0.420139
6.68602,-0.421223
6.693588,-0.425115
6.701172,-0.424929
6.70874,-0.423884
6.716308,-0.422246
6.723877,-0.419164
6.73146,-0.416304
6.739029,-0.41923
6.746597,-0.421514
6.754165,-0.426508
6.761749,-0.427426
6.769317,-0.424855
6.776886,-0.422403
6.784454,-0.422684
6.792038,-0.424923
6.799606,-0.425851
6.807174,-0.42457
6.814743,-0.421306
6.822311,-0.417645
6.829895,-0.420546
6.837463,-0.426418
6.845031,-0.428683
6.8526,-0.428014
6.860183,-0.425552
6.867752,-0.421597
6.87532,-0.4215
6.882888,-0.418036
6.890472,-0.416418
6.89804,-0.418572
6.905609,-0.423623
6.913177,-0.428967
6.920761,-0.427795
6.928329,-0.426428
6.935897,-0.424775
6.943466,-0.423244
6.951034,-0.426086
6.958618,-0.425735
6.966186,-0.427284
6.973755,-0.423443
6.981323,-0.419089
6.988907,-0.417946
6.996475,-0.414974
7.004043,-0.414012
7.011612,-0.416859
7.019195,-0.417507
7.026764,-0.415938
7.034332,-0.416657
7.0419,-0.414467
7.049484,-0.417232
7.057052,-0.416654
7.064621,-0.416892
7.072189,-0.419131
7.079757,-0.416615
7.087341,-0.419903
7.094909,-0.420451
7.102478,-0.423739
7.110046,-0.425608
7.11763,-0.423432
7.125198,-0.421467
7.132766,-0.417062
7.140335,-0.417663
7.147918,-0.421226
7.155487,-0.421285
7.163055,-0.416735
7.170623,-0.41741
7.178207,-0.415571
7.185775,-0.417821
7.193344,-0.418135
7.200912,-0.416978
7.20848,-0.41695
7.216064,-0.418002
7.223632,-0.415694
7.231201,-0.414492
7.238769,-0.415319
7.246353,-0.41358
7.253921,-0.412907
7.26149,-0.407884
7.269058,-0.402526
7.276641,-0.396871
7.28421,-0.391705
7.291778,-0.389145
7.299347,-0.389627
7.30693,-0.388235
7.314499,-0.387411
7.322067,-0.386891
7.329635,-0.38655
7.337204,-0.38744
7.344787,-0.384322
7.352356,-0.378235
7.359924,-0.374181
7.367492,-0.371897
7.375076,-0.369861
7.382644,-0.371586
7.390213,-0.373676
7.397781,-0.374173
7.405365,-0.371675
7.412933,-0.366372
7.420501,-0.359906
7.42807,-0.355391
7.435653,-0.354222
7.443222,-0.349893
7.45079,-0.346215
7.458358,-0.342761
7.465927,-0.338694
7.47351,-0.338616
7.481079,-0.339478
7.488647,-0.337271
7.496215,-0.332402
7.503799,-0.32522
7.511367,-0.315159
7.518936,-0.308047
7.526504,-0.305229
7.534088,-0.30169
7.541656,-0.297128
7.549224,-0.292836
7.556793,-0.284251
7.564376,-0.282476
7.571945,-0.277372
7.579513,-0.269493
7.587082,-0.260692
7.59465,-0.251503
7.602234,-0.239703
7.609802,-0.238845
7.61737,-0.230198
7.624939,-0.218514
7.632522,-0.208347
7.640091,-0.19224
7.647659,-0.1792
7.655227,-0.167203
7.662811,-0.155501
7.670379,-0.143921
7.677948,-0.131213
7.685516,-0.114406
7.6931,-0.096814
7.700668,-0.08039
7.708236,-0.065253
7.715805,-0.049719
7.723373,-0.032175
7.730957,-0.012553
7.738525,0.006049
7.746093,0.02401
7.753662,0.046125
7.761245,0.068192
7.768814,0.0871
7.776382,0.107891
7.78395,0.13014
7.791534,0.152447
7.799102,0.176096
7.806671,0.20222
7.814239,0.223061
7.821823,0.249944
7.829391,0.273889
7.836959,0.297942
7.844528,0.324071
7.852096,0.35288
7.85968,0.3795
7.867248,0.40276
7.874817,0.426106
7.882385,0.451697
7.889969,0.478961
7.897537,0.506047
7.905105,0.536841
7.912674,0.562089
7.920257,0.588893
7.927826,0.61709
7.935394,0.646169
7.942962,0.676434
7.950546,0.704775
7.958114,0.729717
7.965683,0.756907
7.973251,0.785159
7.980819,0.814737
7.988403,0.846632
7.995971,0.865747
8.00354,0.891615
8.011108,0.914091
8.018692,0.940393
8.02626,0.970308
8.033828,0.997997
8.041397,1.025963
8.04898,1.051687
8.056549,1.076343
8.064117,1.100627
8.071685,1.125287
8.079269,1.148567
8.086837,1.175579
8.094406,1.20186
8.101974,1.2314
8.109542,1.261823
8.117126,1.288191
8.124694,1.320345
8.132263,1.347509
8.139831,1.379865
8.147415,1.414039
8.154983,1.446588
8.162552,1.479355
8.17012,1.515683
8.177704,1.55519
8.185272,1.597233
8.19284,1.64005
8.200409,1.684098
8.207992,1.734104
8.215561,1.786837
8.223129,1.849572
8.230697,1.916532
8.238266,1.983085
8.245849,2.048334
8.253418,2.116512
8.260986,2.194829
8.268554,2.279078
8.276138,2.371899
8.283706,2.469453
8.291275,2.570068
8.298843,2.67624
8.306427,2.790843
8.313995,2.910254
8.321563,3.032172
8.329132,3.150931
8.336715,3.266297
8.344284,3.385398
8.351852,3.513875
8.35942,3.657546
8.366989,3.81325
8.374572,3.974578
8.382141,4.139166
8.389709,4.295297
8.397277,4.45076
8.404861,4.600116
8.412429,4.747651
8.419998,4.895653
8.427566,5.038716
8.43515,5.178788
8.442718,5.309394
8.450287,5.432863
8.457855,5.550584
8.465423,5.660882
8.473007,5.759348
8.480575,5.840291
8.488144,5.912498
8.495712,5.975474
8.503296,6.030286
8.510864,6.07597
8.518432,6.108324
8.526001,6.12542
8.533584,6.132611
8.541153,6.132258
8.548721,6.124508
8.556289,6.10871
8.563873,6.084962
8.571441,6.055071
8.57901,6.019209
8.586578,5.979661
8.594146,5.93364
8.60173,5.883476
8.609298,5.837631
8.616867,5.790609
8.624435,5.747358
8.632019,5.70117
8.639587,5.651429
8.647155,5.606686
8.654724,5.561177
8.662307,5.531584
8.669876,5.511253
8.677444,5.496624
8.685012,5.48589
8.692596,5.478812
8.700164,5.484316
8.707733,5.503954
8.715301,5.541732
8.72287,5.591501
8.730453,5.650396
8.738021,5.720885
8.74559,5.797827
8.753158,5.888983
8.760742,5.99009
8.76831,6.099224
8.775879,6.216699
8.783447,6.344282
8.791031,6.483992
8.798599,6.64163
8.806167,6.80348
8.813736,6.967628
8.821319,7.133433
8.828888,7.300411
8.836456,7.479699
8.844024,7.664482
8.851593,7.854642
8.859176,8.047001
8.866745,8.235475
8.874313,8.41777
8.881881,8.597787
8.889465,8.773505
8.897033,8.937391
8.904602,9.08848
8.91217,9.229936
8.919754,9.371077
8.927322,9.51788
8.93489,9.667768
8.942459,9.811586
8.950042,9.943485
8.957611,10.063129
8.965179,10.173195
8.972747,10.269896
8.980316,10.355791
8.987899,10.428655
8.995468,10.48958
9.003036,10.543566
9.010605,10.593301
9.018188,10.628811
9.025756,10.655187
9.033325,10.664985
9.040893,10.660965
9.048477,10.650308
9.056045,10.634825
9.063614,10.611327
9.071182,10.580654
9.078766,10.530718
9.086334,10.465955
9.093902,10.394454
9.101471,10.31534
9.109039,10.239362
9.116623,10.155007
9.124191,10.063511
9.131759,9.963838
9.139328,9.855044
9.146911,9.737102
9.15448,9.614315
9.162048,9.491016
9.169616,9.363351
9.1772,9.235665
9.184768,9.110265
9.192337,8.985435
9.199905,8.859557
9.207489,8.719615
9.215057,8.569092
9.222625,8.415578
9.230194,8.266813
9.237762,8.131898
9.245346,7.998068
9.252914,7.858217
9.260482,7.712508
9.268051,7.561754
9.275634,7.409318
9.283203,7.268248
9.290771,7.129242
9.298339,6.99742
9.305923,6.861489
9.313491,6.721234
9.32106,6.579246
9.328628,6.434047
9.336212,6.2991
9.34378,6.165959
9.351349,6.043829
9.358917,5.926234
9.366485,5.805772
9.374069,5.686237
9.381637,5.563842
9.389206,5.445265
9.396774,5.329931
9.404358,5.221885
9.411926,5.119928
9.419494,5.016044
9.427063,4.9171
9.434646,4.817923
9.442215,4.722474
9.449783,4.629949
9.457351,4.541234
9.464935,4.457408
9.472503,4.379576
9.480072,4.303468
9.48764,4.229254
9.495208,4.156066
9.502792,4.081375
9.51036,4.013108
9.517929,3.953261
9.525497,3.898141
9.533081,3.843104
9.540649,3.78704
9.548217,3.729813
9.555786,3.670428
9.563369,3.625087
9.570938,3.583482
9.578506,3.550088
9.586074,3.521541
9.593658,3.492627
9.601226,3.463882
9.608795,3.440976
9.616363,3.421197
9.623932,3.409242
9.631515,3.401739
9.639084,3.394847
9.646652,3.391935
9.65422,3.393604
9.661804,3.399324
9.669372,3.408674
9.676941,3.421377
9.684509,3.438089
9.692093,3.459234
9.699661,3.476789
9.707229,3.499023
9.714798,3.527277
9.722381,3.560297
9.72995,3.595715
9.737518,3.632497
9.745086,3.672538
9.752655,3.711017
9.760238,3.750479
9.767807,3.792542
9.775375,3.839502
9.782943,3.895661
9.790527,3.952978
9.798095,4.009863
9.805664,4.06759
9.813232,4.127383
9.820816,4.189327
9.828384,4.251996
9.835952,4.309941
9.843521,4.362535
9.851104,4.42115
9.858673,4.480422
9.866241,4.538511
9.873809,4.600427
9.881378,4.652375
9.888961,4.707865
9.89653,4.765782
9.904098,4.822854
9.911667,4.875675
9.91925,4.922943
9.926818,4.968504
9.934387,5.005239
9.941955,5.049082
9.949539,5.088651
9.957107,5.123845
9.964676,5.156462
9.972244,5.182724
9.979828,5.207966
9.987396,5.233601
9.994964,5.254388
10.002533,5.269128
10.010101,5.276733
10.017685,5.27676
10.025253,5.27245
10.032821,5.265979
10.04039,5.258066
10.047973,5.249159
10.055542,5.239046
10.06311,5.22272
10.070678,5.204416
10.078262,5.178637
10.08583,5.152427
10.093399,5.124296
10.100967,5.090494
10.108551,5.049042
10.116119,5.004223
10.123687,4.958259
10.131256,4.908953
10.138824,4.857409
10.146408,4.803372
10.153976,4.744511
10.161544,4.692538
10.169113,4.635405
10.176696,4.575604
10.184265,4.514079
10.191833,4.449458
10.199401,4.379598
10.206985,4.308298
10.214553,4.237154
10.222122,4.165198
10.22969,4.094988
10.237274,4.023872
10.244842,3.948166
10.252411,3.870371
10.259979,3.796173
10.267547,3.725968
10.275131,3.654595
10.282699,3.579209
10.290268,3.500599
10.297836,3.423243
10.30542,3.348128
10.312988,3.277315
10.320556,3.211185
10.328125,3.14844
10.335708,3.086501
10.343277,3.013137
10.350845,2.940153
10.358413,2.863827
10.365997,2.79499
10.373565,2.730335
10.381134,2.66489
10.388702,2.60238
10.39627,2.53807
10.403854,2.472994
10.411422,2.40653
10.418991,2.34209
10.426559,2.282875
10.434143,2.228153
10.441711,2.174277
10.449279,2.11835
10.456848,2.062471
10.464431,2.007319
10.472,1.954939
10.479568,1.906523
10.487136,1.857073
10.49472,1.810659
10.502288,1.76382
10.509857,1.719545
10.517425,1.676027
10.524994,1.632008
10.532577,1.589981
10.540146,1.545768
10.547714,1.510099
10.555282,1.473518
10.562866,1.438325
10.570434,1.404664
10.578003,1.371676
10.585571,1.342534
10.593155,1.310777
10.600723,1.282811
10.608291,1.25587
10.61586,1.229078
10.623443,1.202001
10.631012,1.174146
10.63858,1.145495
10.646148,1.123495
10.653717,1.106875
10.6613,1.090616
10.668869,1.071013
10.676437,1.043477
10.684005,1.015828
10.691589,0.988224
10.699157,0.965878
10.706726,0.949932
10.714294,0.938005
10.721878,0.929343
10.729446,0.913959
10.737014,0.896264
10.744583,0.878658
10.752166,0.863059
10.759735,0.850012
10.767303,0.837751
10.774871,0.82422
10.78244,0.818279
10.790023,0.811472
10.797592,0.80833
10.80516,0.806684
10.812729,0.799475
10.820312,0.795435
10.827881,0.788454
10.835449,0.78569
10.843017,0.785193
10.850601,0.784418
10.858169,0.78028
10.865738,0.771304
10.873306,0.768707
10.88089,0.769052
10.888458,0.772358
10.896026,0.777914
10.903595,0.784605
10.911163,0.788607
10.918747,0.790247
10.926315,0.793439
10.933883,0.798038
10.941452,0.807044
10.949035,0.819252
10.956604,0.82986
10.964172,0.840196
10.97174,0.846554
10.979324,0.85119
10.986892,0.859784
10.994461,0.872398
11.002029,0.884466
11.009613,0.897027
11.017181,0.911279
11.024749,0.921435
11.032318,0.933603
11.039886,0.950339
11.04747,0.970751
11.055038,0.992493
11.062606,1.015282
11.070175,1.036202
11.077758,1.064911
11.085327,1.091839
11.092895,1.116619
11.100464,1.146045
11.108047,1.170225
11.115615,1.205043
11.123184,1.238243
11.130752,1.274957
11.138336,1.313153
11.145904,1.35206
11.153473,1.394929
11.161041,1.436467
11.168609,1.487822
11.176193,1.537248
11.183761,1.585956
11.19133,1.636827
11.198898,1.69611
11.206482,1.762052
11.21405,1.83458
11.221618,1.905892
11.229187,1.976976
11.23677,2.051481
11.244339,2.127446
11.251907,2.212024
11.259475,2.298522
11.267059,2.392513
11.274627,2.492529
11.282196,2.595385
11.289764,2.700937
11.297332,2.816475
11.304916,2.928839
11.312484,3.049679
11.320053,3.174265
11.327621,3.301623
11.335205,3.437775
11.342773,3.581
11.350341,3.726709
11.35791,3.880072
11.365493,4.039448
11.373062,4.204478
11.38063,4.376952
11.388198,4.556493
11.395782,4.738343
11.40335,4.926088
11.410919,5.119001
11.418487,5.318728
11.426056,5.524512
11.433639,5.734182
11.441208,5.9488
11.448776,6.156567
11.456344,6.36651
11.463928,6.572348
11.471496,6.776182
11.479065,7.000573
11.486633,7.239706
11.494217,7.49885
11.501785,7.753721
11.509353,8.000874
11.516922,8.244391
11.524505,8.487801
11.532074,8.735941
11.539642,8.988936
11.54721,9.245739
11.554779,9.502614
11.562362,9.757619
11.569931,10.010461
11.577499,10.265753
11.585067,10.525247
11.592651,10.780922
11.600219,11.034309
11.607788,11.282755
11.615356,11.524542
11.62294,11.767479
11.630508,12.007515
11.638076,12.246775
11.645645,12.481723
11.653228,12.712964
11.660797,12.936993
11.668365,13.151619
11.675933,13.363831
11.683502,13.567839
11.691085,13.770873
11.698654,13.962868
11.706222,14.142628
11.713791,14.312574
11.721374,14.47596
11.728943,14.63386
11.736511,14.774612
11.744079,14.902452
11.751663,15.02293
11.759231,15.139915
11.7668,15.255659
11.774368,15.368515
11.781952,15.470676
11.78952,15.560114
11.797088,15.638313
11.804657,15.706194
11.812225,15.763471
11.819809,15.805137
11.827377,15.836912
11.834945,15.861493
11.842514,15.882155
11.850097,15.899706
11.857666,15.910283
11.865234,15.899524
11.872802,15.875003
11.880386,15.842455
11.887954,15.804063
11.895523,15.760726
11.903091,15.711037
11.910675,15.645481
11.918243,15.57803
11.925811,15.498333
11.93338,15.413821
11.940948,15.321752
11.948532,15.218223
11.9561,15.110017
11.963668,14.990766
11.971237,14.870332
11.97882,14.738951
11.986389,14.604956
11.993957,14.468906
12.001526,14.326624
12.009109,14.18329
12.016677,14.028442
12.024246,13.879687
12.031814,13.734629
12.039398,13.588504
12.046966,13.432595
12.054535,13.250964
12.062103,13.060293
12.069671,12.875778
12.077255,12.705729
12.084823,12.541135
12.092392,12.368469
12.09996,12.183817
12.107544,11.985313
12.115112,11.793439
12.12268,11.613268
12.130249,11.44037
12.137832,11.267127
12.145401,11.091553
12.152969,10.905516
12.160537,10.715905
12.168121,10.524085
12.175689,10.336147
12.183258,10.153475
12.190826,9.972751
12.198394,9.793813
12.205978,9.6085
12.213546,9.42873
12.221115,9.25409
12.228683,9.08318
12.236267,8.913365
12.243835,8.74194
12.251403,8.572555
12.258972,8.404655
12.266555,8.24268
12.274124,8.080485
12.281692,7.920838
12.289261,7.769374
12.296844,7.614811
12.304412,7.478303
12.311981,7.343533
12.319549,7.210271
12.327118,7.077666
12.334701,6.941747
12.34227,6.796132
12.349838,6.659332
12.357406,6.529529
12.36499,6.408315
12.372558,6.290276
12.380127,6.166445
12.387695,6.039448
12.395279,5.917161
12.402847,5.806498
12.410415,5.703855
12.417984,5.601248
12.425567,5.49585
12.433136,5.393803
12.440704,5.290534
12.448272,5.18971
12.455841,5.092489
12.463424,5.00297
12.470993,4.921054
12.478561,4.841035
12.486129,4.766186
12.493713,4.685765
12.501281,4.609366
12.50885,4.535499
12.516418,4.462884
12.524002,4.392457
12.53157,4.328345
12.539138,4.266254
12.546707,4.201594
12.55429,4.139051
12.561859,4.076043
12.569427,4.013824
12.576995,3.958757
12.584564,3.906347
12.592147,3.862743
12.599716,3.820367
12.607284,3.776693
12.614853,3.730072
12.622436,3.680398
12.630005,3.634128
12.637573,3.597149
12.645141,3.570027
12.652725,3.543192
12.660293,3.512188
12.667862,3.476808
12.67543,3.440585
12.683014,3.411218
12.690582,3.384563
12.69815,3.359349
12.705719,3.335066
12.713287,3.311236
12.720871,3.287048
12.728439,3.264164
12.736007,3.23993
12.743576,3.219292
12.751159,3.201038
12.758728,3.184342
12.766296,3.169017
12.773864,3.148724
12.781448,3.131201
12.789016,3.11113
12.796585,3.090291
12.804153,3.071232
12.811737,3.055096
12.819305,3.041072
12.826873,3.028775
12.834442,3.017153
12.84201,3.00456
12.849594,2.990661
12.857162,2.974677
12.86473,2.957682
12.872299,2.943503
12.879882,2.929808
12.887451,2.918485
12.895019,2.907516
12.902588,2.89509
12.910171,2.8793
12.91774,2.858885
12.925308,2.839356
12.932876,2.822199
12.94046,2.806801
12.948028,2.790576
12.955597,2.771082
12.963165,2.749783
12.970733,2.726473
12.978317,2.703374
12.985885,2.683411
12.993454,2.661921
13.001022,2.639367
13.008606,2.621048
13.016174,2.600028
13.023742,2.578984
13.031311,2.553642
13.038894,2.528747
13.046463,2.504754
13.054031,2.479776
13.061599,2.455423
13.069168,2.426978
13.076751,2.399307
13.08432,2.37099
13.091888,2.343434
13.099456,2.316966
13.10704,2.289511
13.114608,2.257963
13.122177,2.226477
13.129745,2.193981
13.137329,2.165639
13.144897,2.13793
13.152465,2.108716
13.160034,2.079165
13.167617,2.046714
13.175186,2.015722
13.182754,1.986291
13.190323,1.958519
13.197891,1.932461
13.205474,1.908112
13.213043,1.876021
13.220611,1.843122
13.22818,1.809418
13.235763,1.775947
13.243332,1.744205
13.2509,1.714775
13.258468,1.684813
13.266052,1.655575
13.27362,1.625141
13.281189,1.597392
13.288757,1.569972
13.296341,1.5407
13.303909,1.510111
13.311477,1.476814
13.319046,1.445023
13.326614,1.416162
13.334198,1.39042
13.341766,1.364019
13.349334,1.335137
13.356903,1.309424
13.364486,1.283452
13.372055,1.261837
13.379623,1.238482
13.387191,1.215175
13.394775,1.191714
13.402343,1.167423
13.409912,1.145693
13.41748,1.126904
13.425064,1.105918
13.432632,1.086658
13.4402,1.068358
13.447769,1.049987
13.455337,1.031035
13.462921,1.011663
13.470489,0.991318
13.478058,0.968603
13.485626,0.95096
13.493209,0.94124
13.500778,0.923943
13.508346,0.914359
13.515915,0.897013
13.523498,0.879619
13.531067,0.864985
13.538635,0.85002
13.546203,0.831173
13.553787,0.82085
13.561355,0.808691
13.568924,0.800557
13.576492,0.789723
13.58406,0.77558
13.591644,0.760964
13.599212,0.749834
13.606781,0.74422
13.614349,0.740533
13.621933,0.733048
13.629501,0.727299
13.637069,0.723286
13.644638,0.717096
13.652221,0.707007
13.65979,0.699871
13.667358,0.692014
13.674926,0.687683
13.68251,0.685018
13.690078,0.680315
13.697647,0.672052
13.705215,0.663645
13.712783,0.660441
13.720367,0.66328
13.727935,0.662936
13.735504,0.662378
13.743072,0.663307
13.750656,0.661321
13.758224,0.664369
13.765792,0.664766
13.773361,0.662866
13.780944,0.660712
13.788513,0.658832
13.796081,0.657397
13.80365,0.660785
13.811233,0.659183
13.818802,0.658754
13.82637,0.660998
13.833938,0.664998
13.841507,0.669054
13.84909,0.672421
13.856659,0.672183
13.864227,0.673973
13.871795,0.677171
13.879379,0.682534
13.886947,0.689241
13.894516,0.695629
13.902084,0.703534
13.909668,0.707858
13.917236,0.714131
13.924804,0.719695
13.932373,0.726579
13.939956,0.731359
13.947525,0.730268
13.955093,0.738259
13.962661,0.744131
13.97023,0.75438
13.977813,0.760798
13.985382,0.766229
13.99295,0.773891
14.000518,0.784665
14.008102,0.798762
14.01567,0.808493
14.023239,0.816721
14.030807,0.824147
14.038391,0.831264
14.045959,0.838326
14.053527,0.850834
14.061096,0.864206
14.068679,0.879575
14.076248,0.892042
14.083816,0.901325
14.091385,0.909004
14.098953,0.916629
14.106537,0.932222
14.114105,0.948074
14.121673,0.962765
14.129242,0.981361
14.136825,1.001063
14.144394,1.015748
14.151962,1.028002
14.15953,1.040499
14.167114,1.056564
14.174682,1.075762
14.182251,1.097815
14.189819,1.121558
14.197403,1.145141
14.204971,1.167936
14.212539,1.188673
14.220108,1.210555
14.227676,1.234771
14.23526,1.258914
14.242828,1.28361
14.250396,1.312846
14.257965,1.337558
14.265548,1.374253
14.273117,1.408564
14.280685,1.445641
14.288253,1.482889
14.295837,1.51881
14.303405,1.555215
14.310974,1.590426
14.318542,1.627737
14.326126,1.669267
14.333694,1.717326
14.341262,1.772046
14.348831,1.829608
14.356399,1.886866
14.363983,1.942769
14.371551,2.000592
14.37912,2.062593
14.386688,2.128654
14.394271,2.197706
14.40184,2.270967
14.409408,2.348527
14.416977,2.430752
14.42456,2.517745
14.432129,2.607308
14.439697,2.700463
14.447265,2.799145
14.454849,2.89765
14.462417,3.005375
14.469986,3.115596
14.477554,3.22938
14.485122,3.347004
14.492706,3.469951
14.500274,3.59852
14.507843,3.730435
14.515411,3.866875
14.522995,4.005992
14.530563,4.146238
14.538131,4.291657
14.5457,4.439835
14.553283,4.58933
14.560852,4.748441
14.56842,4.906366
14.575988,5.063107
14.583572,5.216227
14.59114,5.368425
14.598709,5.524044
14.606277,5.690984
14.613845,5.868801
14.621429,6.051876
14.628997,6.229214
14.636566,6.402265
14.644134,6.572505
14.651718,6.739909
14.659286,6.909908
14.666855,7.077978
14.674423,7.249951
14.682006,7.420492
14.689575,7.586786
14.697143,7.74798
14.704712,7.903464
14.712295,8.06748
14.719864,8.222571
14.727432,8.373691
14.735,8.513824
14.742569,8.647459
14.750152,8.780555
14.757721,8.907015
14.765289,9.033939
14.772857,9.148896
14.780441,9.258533
14.788009,9.360698
14.795578,9.456254
14.803146,9.545638
14.81073,9.626974
14.818298,9.701475
14.825866,9.769465
14.833435,9.82929
14.841018,9.884725
14.848587,9.93056
14.856155,9.964387
14.863723,9.989733
14.871292,10.004194
14.878875,10.013803
14.886444,10.016548
14.894012,10.010774
14.90158,9.995497
14.909164,9.970513
14.916732,9.945123
14.924301,9.911104
14.931869,9.871309
14.939453,9.821381
14.947021,9.760325
14.954589,9.690348
14.962158,9.617044
14.969741,9.536515
14.97731,9.456944
14.984878,9.368734
14.992447,9.273299
15.000015,9.172763
15.007599,9.067067
15.015167,8.954125
15.022735,8.842531
15.030304,8.722931
15.037887,8.597253
15.045456,8.465903
15.053024,8.330893
15.060592,8.193905
15.068176,8.053143
15.075744,7.912964
15.083313,7.767619
15.090881,7.620613
15.098465,7.472967
15.106033,7.32298
15.113601,7.170037
15.12117,7.016948
15.128738,6.862015
15.136322,6.7118
15.14389,6.56932
15.151458,6.432537
15.159027,6.295647
15.16661,6.150991
15.174179,6.000881
15.181747,5.838009
15.189315,5.680058
15.196899,5.534336
15.204467,5.398308
15.212036,5.262951
15.219604,5.118468
15.227188,4.972775
15.234756,4.828318
15.242324,4.687992
15.249893,4.554525
15.257461,4.42878
15.265045,4.306481
15.272613,4.180587
15.280182,4.054475
15.28775,3.921847
15.295334,3.797965
15.302902,3.677488
15.31047,3.561714
15.318039,3.452523
15.325622,3.340347
15.333191,3.234888
15.340759,3.130611
15.348327,3.025844
15.355911,2.925376
15.363479,2.828561
15.371048,2.733899
15.378616,2.643663
15.386184,2.549218
15.393768,2.462309
15.401336,2.375541
15.408905,2.295681
15.416473,2.217752
15.424057,2.14266
15.431625,2.076019
15.439193,2.007075
15.446762,1.943409
15.454345,1.874769
15.461914,1.803803
15.469482,1.736417
15.47705,1.671393
15.484634,1.617533
15.492202,1.56145
15.499771,1.505888
15.507339,1.447036
15.514907,1.389156
15.522491,1.336013
15.530059,1.287336
15.537628,1.236712
15.545196,1.187944
15.55278,1.146415
15.560348,1.107347
15.567917,1.065023
15.575485,1.018742
15.583068,0.974183
15.590637,0.937871
15.598205,0.909675
15.605774,0.876985
15.613357,0.842285
15.620926,0.806167
15.628494,0.771126
15.636062,0.741092
15.643631,0.716859
15.651214,0.691339
15.658783,0.66862
15.666351,0.64494
15.673919,0.619255
15.681503,0.592948
15.689071,0.569103
15.69664,0.54974
15.704208,0.532433
15.711792,0.513229
15.71936,0.49276
15.726928,0.474705
15.734497,0.45936
15.74208,0.442976
15.749649,0.422521
15.757217,0.401144
15.764785,0.388373
15.772354,0.375812
15.779937,0.361768
15.787506,0.346427
15.795074,0.327712
15.802642,0.313014
15.810226,0.301929
15.817794,0.292795
15.825363,0.28591
15.832931,0.280064
15.840515,0.273985
15.848083,0.266513
15.855651,0.249883
15.86322,0.237217
15.870803,0.227349
15.878372,0.219735
15.88594,0.210904
15.893509,0.200214
15.901077,0.191775
15.908661,0.186218
15.916229,0.183426
15.923797,0.180686
15.931366,0.17464
15.938949,0.167085
15.946518,0.159293
15.954086,0.151132
15.961654,0.143647
15.969238,0.137804
15.976806,0.136336
15.984375,0.132056
15.991943,0.127612
15.999527,0.12417
16.007095,0.121842
16.014663,0.121488
16.022232,0.117916
16.0298,0.112075
16.037384,0.106441
16.044952,0.102555
16.05252,0.09975
16.060089,0.097501
16.067672,0.095528
16.075241,0.095557
16.082809,0.096108
16.090377,0.094192
16.097961,0.089369
16.105529,0.085325
16.113098,0.08639
16.120666,0.088662
16.12825,0.087712
16.135818,0.087447
16.143386,0.085363
16.150955,0.084698
16.158523,0.083377
16.166107,0.075954
16.173675,0.072923
16.181244,0.064321
16.188812,0.061482
16.196396,0.059808
16.203964,0.06007
16.211532,0.062168
16.219101,0.064209
16.226684,0.064643
16.234253,0.064494
16.241821,0.060078
16.249389,0.061669
16.256973,0.05979
16.264541,0.05869
16.27211,0.060074
16.279678,0.060697
16.287246,0.062979
16.29483,0.063753
16.302398,0.063267
16.309967,0.062822
16.317535,0.064621
16.325119,0.069164
16.332687,0.072244
16.340255,0.072146
16.347824,0.073705
16.355407,0.075368
16.362976,0.07657
16.370544,0.077917
16.378112,0.079597
16.385696,0.078858
16.393264,0.081583
16.400833,0.082023
16.408401,0.085975
16.415969,0.091527
16.423553,0.0979
16.431121,0.104163
16.43869,0.108213
16.446258,0.113163
16.453842,0.116156
16.46141,0.118946
16.468979,0.122353
16.476547,0.128744
16.484131,0.139376
16.491699,0.151674
16.499267,0.162611
16.506836,0.167691
16.514419,0.174243
16.521988,0.184614
16.529556,0.195092
16.537124,0.204434
16.544693,0.213845
16.552276,0.219504
16.559845,0.236146
16.567413,0.250256
16.574981,0.269103
16.582565,0.28792
16.590133,0.302145
16.597702,0.315358
16.60527,0.326792
16.612854,0.344115
16.620422,0.359669
16.62799,0.37725
16.635559,0.395217
16.643142,0.414158
16.650711,0.437293
16.658279,0.458031
16.665847,0.482719
16.673416,0.503814
16.680999,0.522221
16.688568,0.539545
16.696136,0.55735
16.703704,0.577413
16.711288,0.603481
16.718856,0.631666
16.726425,0.661795
16.733993,0.689995
16.741577,0.713587
16.749145,0.73568
16.756714,0.762209
16.764282,0.794635
16.771865,0.833506
16.779434,0.865836
16.787002,0.900377
16.794571,0.929473
16.802139,0.959783
16.809723,0.995264
16.817291,1.03112
16.824859,1.068371
16.832428,1.102062
16.840011,1.140476
16.84758,1.182725
16.855148,1.225873
16.862716,1.269949
16.8703,1.318005
16.877868,1.363185
16.885437,1.413168
16.893005,1.464038
16.900589,1.51819
16.908157,1.57573
16.915725,1.634054
16.923294,1.690831
16.930862,1.751518
16.938446,1.816156
16.946014,1.885589
16.953582,1.957656
16.961151,2.033323
16.968734,2.113203
16.976303,2.194491
16.983871,2.279569
16.991439,2.366715
16.999023,2.462051
17.006591,2.557782
17.01416,2.657407
17.021728,2.762732
17.029312,2.870119
17.03688,2.983793
17.044448,3.099491
17.052017,3.218846
17.059585,3.341864
17.067169,3.469714
17.074737,3.599764
17.082306,3.731921
17.089874,3.870149
17.097458,4.004144
17.105026,4.144789
17.112594,4.282204
17.120163,4.418793
17.127746,4.553288
17.135315,4.685012
17.142883,4.815873
17.150451,4.947232
17.158035,5.089369
17.165603,5.241079
17.173172,5.401124
17.18074,5.558382
17.188308,5.7049
17.195892,5.84832
17.20346,5.987454
17.211029,6.126645
17.218597,6.262051
17.226181,6.394042
17.233749,6.523664
17.241317,6.651948
17.248886,6.778136
17.256469,6.904652
17.264038,7.026271
17.271606,7.146394
17.279174,7.256374
17.286758,7.362205
17.294326,7.466321
17.301895,7.563255
17.309463,7.652497
17.317032,7.739023
17.324615,7.816982
17.332183,7.896045
17.339752,7.969348
17.34732,8.033903
17.354904,8.091504
17.362472,8.14247
17.370041,8.191037
17.377609,8.228075
17.385193,8.259754
17.392761,8.28228
17.400329,8.298127
17.407898,8.307817
17.415481,8.31094
17.42305,8.311823
17.430618,8.304901
17.438186,8.296387
17.445755,8.281986
17.453338,8.258901
17.460907,8.232754
17.468475,8.198439
17.476043,8.161548
17.483627,8.116835
17.491195,8.064022
17.498764,8.00126
17.506332,7.931183
17.513916,7.857898
17.521484,7.779124
17.529052,7.701043
17.536621,7.613186
17.544204,7.525118
17.551773,7.435007
17.559341,7.340385
17.566909,7.24248
17.574478,7.145213
17.582061,7.040806
17.58963,6.930667
17.597198,6.815181
17.604766,6.692928
17.61235,6.570142
17.619918,6.447669
17.627487,6.321078
17.635055,6.20078
17.642639,6.071956
17.650207,5.950864
17.657776,5.824065
17.665344,5.694296
17.672927,5.561525
17.680496,5.42731
17.688064,5.296773
17.695633,5.169736
17.703201,5.047972
17.710785,4.928759
17.718353,4.811783
17.725921,4.692766
17.73349,4.562222
17.741073,4.424596
17.748642,4.28883
17.75621,4.163887
17.763778,4.048888
17.771362,3.933922
17.77893,3.816734
17.786499,3.698491
17.794067,3.578288
17.801635,3.461624
17.809219,3.352775
17.816787,3.253199
17.824356,3.15085
17.831924,3.042436
17.839508,2.931519
17.847076,2.823658
17.854644,2.729401
17.862213,2.632836
17.869796,2.537393
17.877365,2.441738
17.884933,2.348881
17.892501,2.259136
17.900085,2.169655
17.907653,2.08659
17.915222,2.011304
17.92279,1.931788
17.930359,1.854627
17.937942,1.780141
17.945511,1.70796
17.953079,1.639918
17.960647,1.57845
17.968231,1.512822
17.975799,1.451529
17.983368,1.390024
17.990936,1.334173
17.99852,1.283344
18.006088,1.235175
18.013656,1.184063
18.021225,1.127864
18.028808,1.073161
18.036377,1.025679
18.043945,0.981013
18.051513,0.935496
18.059082,0.888664
18.066665,0.841089
18.074234,0.800932
18.081802,0.760945
18.08937,0.723956
18.096954,0.690758
18.104522,0.660901
18.112091,0.631842
18.119659,0.598996
18.127243,0.568854
18.134811,0.536295
18.142379,0.506008
18.149948,0.477136
18.157531,0.449719
18.1651,0.423727
18.172668,0.396877
18.180236,0.374222
18.187805,0.350323
18.195388,0.330799
18.202957,0.310671
18.210525,0.291831
18.218094,0.275915
18.225677,0.259976
18.233245,0.244857
18.240814,0.231095
18.248382,0.215175
18.255966,0.196802
18.263534,0.181699
18.271103,0.169083
18.278671,0.156187
18.286255,0.14732
18.293823,0.139686
18.301391,0.127832
18.30896,0.113191
18.316528,0.09891
18.324112,0.086916
18.33168,0.078843
18.339248,0.072414
18.346817,0.063491
18.3544,0.05609
18.361969,0.050192
18.369537,0.046829
18.377105,0.043479
18.384689,0.034825
18.392257,0.029742
18.399826,0.017697
18.407394,0.011992
18.414978,0.006299
18.422546,0.003209
18.430114,0.002577
18.437683,-0.001281
18.445251,-0.003908
18.452835,-0.005506
18.460403,-0.011765
18.467971,-0.016406
18.47554,-0.022196
18.483123,-0.025598
18.490692,-0.023595
18.49826,-0.020966
18.505829,-0.012383
18.513412,-0.016365
18.52098,-0.0186
18.528549,-0.024044
18.536117,-0.027146
18.543701,-0.027007
18.551269,-0.027281
18.558838,-0.025837
18.566406,-0.022343
18.573974,-0.018866
18.581558,-0.017575
18.589126,-0.01906
18.596695,-0.019577
18.604263,-0.021155
18.611847,-0.023089
18.619415,-0.024128
18.626983,-0.024956
18.634552,-0.024597
18.642135,-0.025109
18.649704,-0.028526
18.657272,-0.027043
18.66484,-0.022535
18.672424,-0.019906
18.679992,-0.019849
18.687561,-0.021456
18.695129,-0.023077
18.702697,-0.023592
18.710281,-0.023563
18.717849,-0.019219
18.725418,-0.012459
18.732986,-0.012029
18.74057,-0.013648
18.748138,-0.013898
18.755706,-0.011358
18.763275,-0.006486
18.770858,-0.008282
18.778427,-0.011191
18.785995,-0.014421
18.793563,-0.010706
18.801147,-0.006728
18.808715,-0.004818
18.816284,-0.001794
18.823852,-0.001206
18.831421,9.9E-05
18.839004,0.001753
18.846573,0.002195
18.854141,0.002377
18.861709,0.003026
18.869293,0.002994
18.876861,-0.000499
18.88443,-0.002375
18.891998,-0.006113
18.899582,-0.007236
18.90715,-0.004905
18.914718,-0.000876
18.922287,0.00201
18.92987,0.001272
18.937439,-0.001879
18.945007,-0.002674
18.952575,-0.00237
18.960144,-0.00393
18.967727,-0.008517
18.975296,-0.013766
18.982864,-0.016066
18.990432,-0.013254
18.998016,-0.012439
19.005584,-0.012924
19.013153,-0.014771
19.020721,-0.017183
19.028305,-0.017939
19.035873,-0.017988
19.043441,-0.014967
19.05101,-0.015237
19.058593,-0.012937
19.066162,-0.012973
19.07373,-0.014907
19.081298,-0.014852
19.088867,-0.016994
19.09645,-0.016443
19.104019,-0.019218
19.111587,-0.021145
19.119156,-0.023712
19.126739,-0.026449
19.134308,-0.028423
19.141876,-0.031571
19.149444,-0.032251
19.157028,-0.033157
19.164596,-0.035399
19.172165,-0.038818
19.179733,-0.042797
19.187317,-0.046626
19.194885,-0.04886
19.202453,-0.048413
19.210022,-0.051902
19.21759,-0.052693
19.225174,-0.052958
19.232742,-0.058007
19.24031,-0.06347
19.247879,-0.062453
19.255462,-0.057681
19.263031,-0.055232
19.270599,-0.054857
19.278167,-0.056236
19.285751,-0.05787
19.293319,-0.056459
19.300888,-0.056459
19.308456,-0.0576
19.31604,-0.062777
19.323608,-0.06522
19.331176,-0.067671
19.338745,-0.071553
19.346313,-0.070174
19.353897,-0.070786
19.361465,-0.065332
19.369033,-0.061971
19.376602,-0.062884
19.384185,-0.064342
19.391754,-0.064622
19.399322,-0.06396
19.406891,-0.060177
19.414474,-0.058477
19.422042,-0.055979
19.429611,-0.051843
19.437179,-0.045519
19.444763,-0.036987
19.452331,-0.024848
19.4599,-0.01635
19.467468,-0.001905
19.475036,0.010377
19.48262,0.020043
19.490188,0.029076
19.497757,0.038908
19.505325,0.045752
19.512909,0.059031
19.520477,0.073356
19.528045,0.085968
19.535614,0.100196
19.543197,0.115909
19.550766,0.132078
19.558334,0.154617
19.565902,0.169177
19.573486,0.190503
19.581054,0.208151
19.588623,0.226187
19.596191,0.242304
19.603759,0.253233
19.611343,0.268671
19.618911,0.277668
19.62648,0.294937
19.634048,0.306936
19.641632,0.323289
19.6492,0.343519
19.656768,0.364199
19.664337,0.385755
19.67192,0.401072
19.679489,0.413676
19.687057,0.424918
19.694625,0.439017
19.702209,0.455481
19.709777,0.472651
19.717346,0.489444
19.724914,0.505364
19.732483,0.523771
19.740066,0.54141
19.747635,0.558023
19.755203,0.574049
19.762771,0.588249
19.770355,0.602303
19.777923,0.611953
19.785492,0.617468
19.79306,0.625216
19.800644,0.637691
19.808212,0.653001
19.81578,0.668134
19.823349,0.680601
19.830932,0.691606
19.838501,0.706686
19.846069,0.719661
19.853637,0.731929
19.861206,0.747028
19.868789,0.759434
19.876358,0.767819
19.883926,0.775353
19.891494,0.782306
19.899078,0.792626
19.906646,0.804374
19.914215,0.812933
19.921783,0.817305
19.929367,0.826572
19.936935,0.831003
19.944503,0.83942
19.952072,0.843952
19.959655,0.845607
19.967224,0.846535
19.974792,0.846763
19.98236,0.846065
19.989929,0.848247
19.997512,0.847545
20.005081,0.846177
20.012649,0.848486
20.020218,0.850414
20.027801,0.855139
20.03537,0.854797
20.042938,0.855405
20.050506,0.852291
20.05809,0.84876
20.065658,0.846521
20.073227,0.840199
20.080795,0.8335
20.088379,0.827579
20.095947,0.822871
20.103515,0.819027
20.111084,0.81606
20.118652,0.814104
20.126236,0.81273
20.133804,0.808228
20.141372,0.802933
20.148941,0.792786
20.156524,0.782686
20.164093,0.773919
20.171661,0.766984
20.179229,0.763623
20.186813,0.755473
20.194381,0.748412
20.20195,0.74127
20.209518,0.73435
20.217102,0.728458
20.22467,0.722849
20.232238,0.716805
20.239807,0.715824
20.247375,0.713139
20.254959,0.708182
20.262527,0.700628
20.270095,0.692648
20.277664,0.68663
20.285247,0.681033
20.292816,0.678807
20.300384,0.676661
20.307953,0.669845
20.315536,0.662174
20.323105,0.656992
20.330673,0.65299
20.338241,0.649069
20.345825,0.644494
20.353393,0.636448
20.360962,0.625606
20.36853,0.616121
20.376098,0.609974
20.383682,0.604842
20.39125,0.602975
20.398819,0.601143
20.406387,0.595796
20.413971,0.589796
20.421539,0.58451
20.429107,0.579372
20.436676,0.573987
20.444259,0.56848
20.451828,0.56125
20.459396,0.553281
20.466964,0.54555
20.474548,0.537321
20.482116,0.527165
20.489685,0.51731
20.497253,0.502227
20.504821,0.494577
20.512405,0.48702
20.519973,0.481416
20.527542,0.475922
20.53511,0.466767
20.542694,0.457757
20.550262,0.45135
20.55783,0.443028
20.565399,0.431939
20.572982,0.418141
20.580551,0.404917
20.588119,0.394164
20.595688,0.382069
20.603271,0.374559
20.610839,0.365512
20.618408,0.357437
20.625976,0.348704
20.633545,0.333672
20.641128,0.316248
20.648697,0.30193
20.656265,0.292311
20.663833,0.280914
20.671417,0.268055
20.678985,0.254698
20.686554,0.238597
20.694122,0.226899
20.701706,0.210924
20.709274,0.193509
20.716842,0.177994
20.724411,0.163252
20.731994,0.14811
20.739563,0.136688
20.747131,0.117602
20.754699,0.101663
20.762268,0.081553
20.769851,0.058284
20.77742,0.036544
20.784988,0.017315
20.792556,-0.004928
20.80014,-0.022586
20.807708,-0.042187
20.815277,-0.059391
20.822845,-0.076141
20.830429,-0.09454
20.837997,-0.11548
20.845565,-0.137362
20.853134,-0.159644
20.860717,-0.178768
20.868286,-0.198102
20.875854,-0.219769
20.883422,-0.240607
20.890991,-0.265058
20.898574,-0.291576
20.906143,-0.316949
20.913711,-0.33863
20.92128,-0.357896
20.928863,-0.378161
20.936432,-0.400522
20.944,-0.420324
20.951568,-0.434408
20.959152,-0.451001
20.96672,-0.471038
20.974289,-0.493908
20.981857,-0.516023
20.989441,-0.529219
20.997009,-0.540353
21.004577,-0.553806
21.012146,-0.568506
21.019714,-0.582871
21.027298,-0.594198
21.034866,-0.602
21.042434,-0.613543
21.050003,-0.621312
21.057586,-0.629901
21.065155,-0.634368
21.072723,-0.639054
21.080291,-0.644384
21.087875,-0.648201
21.095443,-0.653389
21.103012,-0.651203
21.11058,-0.649742
21.118164,-0.647344
21.125732,-0.644733
21.1333,-0.643167
21.140869,-0.644411
21.148437,-0.645626
21.156021,-0.642176
21.163589,-0.636496
21.171157,-0.630191
21.178726,-0.625078
21.186309,-0.62282
21.193878,-0.618747
21.201446,-0.612648
21.209015,-0.60459
21.216598,-0.595654
21.224167,-0.586351
21.231735,-0.577195
21.239303,-0.569665
21.246887,-0.563929
21.254455,-0.555226
21.262024,-0.547728
21.269592,-0.537781
21.27716,-0.526307
21.284744,-0.517491
21.292312,-0.506234
21.299881,-0.498562
21.307449,-0.489501
21.315033,-0.479391
21.322601,-0.466478
21.330169,-0.452425
21.337738,-0.441277
21.345321,-0.429361
21.35289,-0.417991
21.360458,-0.408489
21.368026,-0.401379
21.37561,-0.394951
21.383178,-0.385728
21.390747,-0.371271
21.398315,-0.357551
21.405883,-0.34498
21.413467,-0.33283
21.421035,-0.320897
21.428604,-0.308852
21.436172,-0.296043
21.443756,-0.284301
21.451324,-0.270954
21.458892,-0.253857
21.466461,-0.232771
21.474044,-0.207457
21.481613,-0.178165
21.489181,-0.1522
21.49675,-0.121974
21.504333,-0.087835
21.511901,-0.046781
21.51947,-0.001029
21.527038,0.045613
21.534607,0.091926
21.54219,0.142549
21.549759,0.198248
21.557327,0.262339
21.564895,0.33003
21.572479,0.403503
21.580047,0.489222
21.587616,0.577768
21.595184,0.683548
21.602768,0.795308
21.610336,0.913471
21.617904,1.038138
21.625473,1.170463
21.633056,1.314697
21.640625,1.477267
21.648193,1.654909
21.655761,1.842525
21.66333,2.039423
21.670913,2.241052
21.678482,2.444142
21.68605,2.652393
21.693618,2.870648
21.701202,3.110034
21.70877,3.375554
21.716339,3.67115
21.723907,3.98754
21.731491,4.304714
21.739059,4.621514
21.746627,4.943597
21.754196,5.275166
21.761779,5.620836
21.769348,5.980915
21.776916,6.353858
21.784485,6.741508
21.792053,7.130991
21.799636,7.523578
21.807205,7.924897
21.814773,8.336267
21.822342,8.753422
21.829925,9.178918
21.837494,9.595745
21.845062,10.014584
21.85263,10.444722
21.860214,10.883888
21.867782,11.32314
21.875351,11.757899
21.882919,12.180047
21.890503,12.599569
21.898071,13.015257
21.905639,13.427599
21.913208,13.832857
21.920776,14.229901
21.92836,14.621955
21.935928,14.999263
21.943496,15.36475
21.951065,15.71711
21.958648,16.049928
21.966217,16.360753
21.973785,16.651844
21.981353,16.942221
21.988937,17.234514
21.996505,17.531404
22.004074,17.824468
22.011642,18.09667
22.019226,18.342426
22.026794,18.559974
22.034362,18.76287
22.041931,18.956342
22.049499,19.136737
22.057083,19.300844
22.064651,19.4473
22.072219,19.577278
22.079788,19.685962
22.087371,19.782598
22.09494,19.857404
22.102508,19.914066
22.110077,19.957336
22.11766,19.985286
22.125229,19.995123
22.132797,19.986089
22.140365,19.96191
22.147949,19.919035
22.155517,19.856058
22.163086,19.774282
22.170654,19.6749
22.178222,19.557731
22.185806,19.427461
22.193374,19.276397
22.200943,19.110321
22.208511,18.933862
22.216095,18.741171
22.223663,18.533805
22.231231,18.310812
22.2388,18.075672
22.246383,17.839443
22.253952,17.605035
22.26152,17.368337
22.269088,17.11022
22.276672,16.821315
22.28424,16.502481
22.291809,16.166246
22.299377,15.837522
22.306945,15.528785
22.314529,15.217498
22.322097,14.889477
22.329666,14.545496
22.337234,14.190776
22.344818,13.833135
22.352386,13.481963
22.359954,13.135075
22.367523,12.78658
22.375106,12.431709
22.382675,12.073781
22.390243,11.713106
22.397812,11.352603
22.40538,10.998624
22.412964,10.641835
22.420532,10.29064
22.4281,9.942216
22.435669,9.596604
22.443252,9.25343
22.450821,8.914965
22.458389,8.583736
22.465957,8.26154
22.473541,7.942194
22.481109,7.628636
22.488678,7.318904
22.496246,7.015087
22.50383,6.720868
22.511398,6.43243
22.518966,6.161921
22.526535,5.903234
22.534103,5.660744
22.541687,5.430482
22.549255,5.204657
22.556823,4.974977
22.564392,4.736217
22.571975,4.497842
22.579544,4.27474
22.587112,4.068706
22.59468,3.871077
22.602264,3.679278
22.609832,3.490693
22.617401,3.307781
22.624969,3.133508
22.632553,2.966979
22.640121,2.805313
22.647689,2.650983
22.655258,2.507266
22.662826,2.371629
22.67041,2.240537
22.677978,2.113486
22.685547,1.990654
22.693115,1.871742
22.700698,1.761429
22.708267,1.658516
22.715835,1.558981
22.723404,1.464948
22.730987,1.376323
22.738556,1.288193
22.746124,1.206367
22.753692,1.124473
22.761276,1.050511
22.768844,0.979581
22.776413,0.911221
22.783981,0.847888
22.791549,0.787122
22.799133,0.732621
22.806701,0.680069
22.81427,0.631924
22.821838,0.585684
22.829422,0.539484
22.83699,0.497429
22.844558,0.453731
22.852127,0.411201
22.85971,0.372178
22.867279,0.337909
22.874847,0.307502
22.882415,0.279098
22.889999,0.243968
22.897567,0.212674
22.905136,0.185613
22.912704,0.163554
22.920272,0.145181
22.927856,0.125122
22.935424,0.102674
22.942993,0.080505
22.950561,0.05897
22.958145,0.039738
22.965713,0.023156
22.973282,0.00723
22.98085,-0.007139
22.988433,-0.019054
22.996002,-0.032997
23.00357,-0.047994
23.011139,-0.060681
23.018722,-0.069544
23.026291,-0.078747
23.033859,-0.085193
23.041427,-0.095277
23.048996,-0.106631
23.056579,-0.119178
23.064148,-0.13089
23.071716,-0.139079
23.079284,-0.147713
23.086868,-0.156155
23.094436,-0.161964
23.102005,-0.166917
23.109573,-0.171362
23.117157,-0.174476
23.124725,-0.184907
23.132293,-0.19771
23.139862,-0.20816
23.147445,-0.214875
23.155014,-0.219435
23.162582,-0.222608
23.17015,-0.223771
23.177719,-0.228995
23.185302,-0.232367
23.192871,-0.236617
23.200439,-0.243506
23.208007,-0.249666
23.215591,-0.257027
23.223159,-0.259056
23.230728,-0.262769
23.238296,-0.267279
23.24588,-0.271736
23.253448,-0.275163
23.261016,-0.274454
23.268585,-0.273606
23.276168,-0.276537
23.283737,-0.278564
23.291305,-0.281604
23.298874,-0.287314
23.306442,-0.290693
23.314026,-0.294541
23.321594,-0.304464
23.329162,-0.307055
23.336731,-0.309059
23.344314,-0.311013
23.351883,-0.307877
23.359451,-0.311122
23.367019,-0.317672
23.374603,-0.319912
23.382171,-0.321404
23.38974,-0.321
23.397308,-0.317335
23.404892,-0.321835
23.41246,-0.324564
23.420028,-0.328099
23.427597,-0.330115
23.435165,-0.330817
23.442749,-0.333184
23.450317,-0.333123
23.457885,-0.33577
23.465454,-0.336777
23.473037,-0.337378
23.480606,-0.339272
23.488174,-0.343213
23.495742,-0.347332
23.503326,-0.344629
23.510894,-0.340575
23.518463,-0.338085
23.526031,-0.341618
23.533615,-0.350646
23.541183,-0.354903
23.548751,-0.357556
23.55632,-0.360842
23.563888,-0.365892
23.571472,-0.370864
23.57904,-0.372511
23.586609,-0.369282
23.594177,-0.367239
23.601761,-0.372792
23.609329,-0.374868
23.616897,-0.37503
23.624466,-0.37519
23.632049,-0.375402
23.639618,-0.37384
23.647186,-0.373275
23.654754,-0.371426
23.662338,-0.37291
23.669906,-0.376451
23.677475,-0.380172
23.685043,-0.380945
23.692611,-0.382149
23.700195,-0.383547
23.707763,-0.38618
23.715332,-0.389423
23.7229,-0.391454
23.730484,-0.391943
23.738052,-0.39484
23.74562,-0.392484
23.753189,-0.38945
23.760772,-0.388532
23.768341,-0.390474
23.775909,-0.394165
23.783477,-0.397656
23.791061,-0.401965
23.798629,-0.402763
23.806198,-0.402473
23.813766,-0.402086
23.821334,-0.400326
23.828918,-0.402706
23.836486,-0.399266
23.844055,-0.397636
23.851623,-0.395973
23.859207,-0.398424
23.866775,-0.408028
23.874344,-0.413113
23.881912,-0.412884
23.889495,-0.409338
23.897064,-0.408185
23.904632,-0.41063
23.912201,-0.414628
23.919784,-0.416999
23.927353,-0.417243
23.934921,-0.415329
23.942489,-0.415062
23.950058,-0.416122
23.957641,-0.418011
23.96521,-0.420351
23.972778,-0.421325
23.980346,-0.419278
23.98793,-0.416808
23.995498,-0.415331
24.003067,-0.416072
24.010635,-0.419603
24.018219,-0.41894
24.025787,-0.418994
24.033355,-0.419497
24.040924,-0.422734
24.048507,-0.427589
24.056076,-0.416972
24.063644,-0.334047
24.071212,-0.305434
24.078781,-0.309127
24.086364,-0.308293
24.093933,-0.306833
24.101501,-0.305683
24.109069,-0.302666
24.116653,-0.296357
24.124221,-0.291667
24.13179,-0.287948
24.139358,-0.283672
24.146942,-0.279329
24.15451,-0.275175
24.162079,-0.269617
24.169647,-0.261675
24.17723,-0.253011
24.184799,-0.243943
24.192367,-0.230861
24.199936,-0.217245
24.207504,-0.203896
24.215088,-0.191117
24.222656,-0.179304
24.230224,-0.167245
24.237793,-0.155053
24.245376,-0.140618
24.252945,-0.125695
24.260513,-0.110082
24.268081,-0.093374
24.275665,-0.072087
24.283233,-0.044624
24.290802,-0.008966
24.29837,0.048364
24.305954,0.124972
24.313522,0.220993
24.32109,0.302701
24.328659,0.336955
24.336227,0.330357
24.343811,0.295895
24.351379,0.258316
24.358947,0.21563
24.366516,0.16862
24.374099,0.116516
24.381668,0.058045
24.389236,0.005372
24.396804,-0.035586
24.404388,-0.070798
24.411956,-0.096875
24.419525,-0.117763
24.427093,-0.138242
24.434677,-0.153734
24.442245,-0.169058
24.449813,-0.184205
24.457382,-0.196049
24.46495,-0.208896
24.472534,-0.223586
24.480102,-0.235713
24.487671,-0.248567
24.495239,-0.262082
24.502823,-0.271111
24.510391,-0.278539
24.517959,-0.286268
24.525528,-0.294463
24.533111,-0.302123
24.54068,-0.312702
24.548248,-0.320086
24.555816,-0.327761
24.5634,-0.335054
24.570968,-0.337473
24.578537,-0.340517
24.586105,-0.340486
24.593673,-0.344262
24.601257,-0.348906
24.608825,-0.354688
24.616394,-0.359398
24.623962,-0.359478
24.631546,-0.362863
24.639114,-0.36736
24.646682,-0.375054
24.654251,-0.382513
24.661834,-0.387529
24.669403,-0.38952
24.676971,-0.389438
24.684539,-0.385984
24.692123,-0.387636
24.699691,-0.390769
24.70726,-0.393512
24.714828,-0.394857
24.722396,-0.394377
24.72998,-0.392592
24.737548,-0.39356
24.745117,-0.390767
24.752685,-0.395161
24.760269,-0.399262
24.767837,-0.401902
24.775406,-0.402825
24.782974,-0.40081
24.790558,-0.39961
24.798126,-0.396801
24.805694,-0.399904
24.813263,-0.403654
24.820846,-0.407235
24.828415,-0.412808
24.835983,-0.411107
24.843551,-0.409011
24.85112,-0.409453
24.858703,-0.412223
24.866272,-0.413045
24.87384,-0.409819
24.881408,-0.408604
24.888992,-0.407335
24.89656,-0.40918
24.904129,-0.408574
24.911697,-0.405004
24.919281,-0.405189
24.926849,-0.413205
24.934417,-0.414803
24.941986,-0.417602
24.949569,-0.417765
24.957138,-0.419442
24.964706,-0.421599
24.972274,-0.421353
24.979843,-0.418418
24.987426,-0.418875
24.994995,-0.417941
25.002563,-0.418103
25.010131,-0.420473
25.017715,-0.42192
25.025283,-0.420232
25.032852,-0.416113
25.04042,-0.405244
25.048004,-0.407914
25.055572,-0.406998
25.063141,-0.412812
25.070709,-0.418182
25.078292,-0.417854
25.085861,-0.415196
25.093429,-0.414696
25.100998,-0.416237
25.108566,-0.419377
25.11615,-0.422177
25.123718,-0.422349
25.131286,-0.421427
25.138855,-0.422164
25.146438,-0.421111
25.154007,-0.417945
25.161575,-0.416752
25.169143,-0.415988
25.176727,-0.416974
25.184295,-0.424577
25.191864,-0.421369
25.199432,-0.424696
25.207016,-0.420272
25.214584,-0.419185
25.222152,-0.420511
25.229721,-0.421894
25.237289,-0.425459
25.244873,-0.420833
25.252441,-0.421784
25.260009,-0.421611
25.267578,-0.419502
25.275161,-0.418774
25.28273,-0.42065
25.290298,-0.420702
25.297866,-0.420425
25.30545,-0.416023
25.313018,-0.415588
25.320587,-0.419464
25.328155,-0.42591
25.335739,-0.430923
25.343307,-0.431104
25.350875,-0.432824
25.358444,-0.429564
25.366012,-0.431779
25.373596,-0.430821
25.381164,-0.427604
25.388733,-0.425951
25.396301,-0.425905
25.403885,-0.43143
25.411453,-0.441088
25.419021,-0.448409
25.42659,-0.452239
25.434173,-0.453804
25.441742,-0.45129
25.44931,-0.448619
25.456878,-0.445772
25.464462,-0.449532
25.47203,-0.449852
25.479599,-0.448413
25.487167,-0.45008
25.494735,-0.445293
25.502319,-0.447437
25.509887,-0.44545
25.517456,-0.445181
25.525024,-0.445657
25.532608,-0.446927
25.540176,-0.449458
25.547744,-0.449888
25.555313,-0.453004
25.562896,-0.456802
25.570465,-0.458627
25.578033,-0.458624
25.585601,-0.457044
25.593185,-0.455928
25.600753,-0.460198
25.608322,-0.457577
25.61589,-0.456579
25.623459,-0.453119
25.631042,-0.455111
25.63861,-0.460966
25.646179,-0.42353
25.653747,-0.289821
25.661331,-0.289791
25.668899,-0.289606
25.676468,-0.288785
25.684036,-0.287499
25.69162,-0.285467
25.699188,-0.285474
25.706756,-0.286788
25.714325,-0.287129
25.721908,-0.287083
25.729477,-0.284797
25.737045,-0.281344
25.744613,-0.275592
25.752182,-0.270294
25.759765,-0.265326
25.767334,-0.257809
25.774902,-0.249603
25.78247,-0.239302
25.790054,-0.22732
25.797622,-0.211775
25.805191,-0.196649
25.812759,-0.181848
25.820343,-0.168224
25.827911,-0.155146
25.835479,-0.145403
25.843048,-0.1353
25.850631,-0.124392
25.8582,-0.114193
25.865768,-0.104524
25.873336,-0.091065
25.880905,-0.075184
25.888488,-0.043227
25.896057,0.004165
25.903625,0.07533
25.911193,0.169179
25.918777,0.244421
25.926345,0.278992
25.933914,0.282065
25.941482,0.252798
25.949066,0.219259
25.956634,0.180161
25.964203,0.131617
25.971771,0.085658
25.979355,0.037411
25.986923,-0.006384
25.994491,-0.043572
26.00206,-0.074905
26.009628,-0.102897
26.017212,-0.12955
26.02478,-0.149513
26.032348,-0.171796
26.039917,-0.186582
26.0475,-0.201509
26.055069,-0.215619
26.062637,-0.22633
26.070205,-0.237745
26.077789,-0.245351
26.085357,-0.25848
26.092926,-0.264585
26.100494,-0.272775
26.108078,-0.282736
26.115646,-0.287464
26.123214,-0.289518
26.130783,-0.29365
26.138351,-0.298763
26.145935,-0.30509
26.153503,-0.313329
26.161071,-0.320645
26.16864,-0.324695
26.176223,-0.330601
26.183792,-0.340934
26.19136,-0.349302
26.198928,-0.351828
26.206512,-0.351877
26.21408,-0.349285
26.221649,-0.345798
26.229217,-0.348717
26.236801,-0.355943
26.244369,-0.36092
26.251938,-0.366571
26.259506,-0.371977
26.267074,-0.370268
26.274658,-0.372101
26.282226,-0.370513
26.289795,-0.374493
26.297363,-0.375929
26.304947,-0.374413
26.312515,-0.372914